comment,classes
бессонница головная боль рвота вспыльчивость повышенное потоотделение раздражительность агрессия тремор дрожание ломота в теле одышка учащенное дыхание,абстинентное состояние
повышение температуры до 3839с повышение температуры выше 39с гнойник и,абсцесс
насморк заложенность носа головная боль храп дыхание через рот гнусавость,аденоиды
частое мочеиспускание ночью частое мочеиспускание слабый ток мочи при мочеиспускании мочеиспускание каплями чувство неполного опорожнения мочевого пузыря боль во время мочеиспускания мутность мочи моча с кровью утрудненное мочеиспускание,аденома простаты предстательной железы
полное или частичное отсутствие зубного ряда,адентия
головная боль повышение артериального давления повышенное потоотделение боль в суставах деформация сустава повышение уровня глюкозы в крови гипергликемия огрубление черт лица увеличение кистей рук увеличение стоп,акромегалия
снижение артериального давления слабость рвота тошнота повышенная усталость снижение массы тела желтушность желтушность склер мышечная слабость снижение полового влечения либидо сосудистые звездочки покраснение ладоней пальцы в виде барабанных палочек боли в области пупка увеличение груди нарушения эрекции отечность околоушных слюнных желез синяки центральное ожирение низ живота округлость и увеличение ногтей ограничение подвижности ладони расширение вен брюшной стенки,алкогольная болезнь печени
зуд жжение волдыри белорозового или красного цвета отечность покраснение волдыри ь,аллергический контактный дерматит
снижение остроты зрения наклон или поворот головы при взгляде на предмет,амблиопия
слабость рвота боль внизу живота тошнота повышение температуры до 38с снижение массы тела диарея урчание в животе метеоризм ложные позывы к дефекации увеличение печени стул в виде малинового желе,амебиаз
прекращение менструаций не связанное с беременностью нерегулярный менструальный цикл,аменорея
потеря счета времени потеря памяти,амнезия
потеря памяти,амнестический синдром
удушье бледность кожи судороги а потеря сознания обморок снижение артериального давления синюшность цианоз непроизвольное мочеиспускание,анафилактический шок
повышение артериального давления боль в области сердца повышенная усталость мышечная слабость утрудненное мочеиспускание боли в мочевом пузыре,андропауза
головная боль боль в области сердца,аневризма
уменьшенный размер зубов увеличенный размер зубов аномалии формы зубов,аномалии размеров и формы зубов
фригидность,аноргазмия
слабость прекращение менструаций не связанное с беременностью повышенная усталость снижение массы тела раздражительность снижение аппетита снижение полового влечения либидо потеря аппетита анорексия отказ от пищи рост пушистых волос на теле,анорексия
боль внизу живота боль в тазу зуд в заднем проходе боль во время дефекации зуд в области ануса рана в перианальной области боль в прямой кишке слизистогнойные выделения из перианальной области,аноректальный свищ
потеря сознания обморок синюшность цианоз боль в области сердца головокружение боли в грудной клетке одышка ощущение сердцебиения пульсация сонных артерий пульсация зрачков,аортальная недостаточность
потеря сознания обморок слабость головокружение учащение сердцебиения тахикардия боли в грудной клетке одышка ощущение сердцебиения,аортальный стеноз
потеря сознания обморок слабость головокружение одышка,апластическая анемия
остановка дыхательных движений,апноэ
рвота повышение температуры до 3839с боль внизу живота тошнота боль вверху живота сухость во рту учащение сердцебиения тахикардия потеря аппетита анорексия боли в области пупка,аппендицит
потеря сознания обморок головокружение учащение сердцебиения тахикардия боли в грудной клетке одышка ощущение сердцебиения замедленное сердцебиение брадикардия,аритмия сердца
головная боль повышение артериального давления головокружение,артериальная гипертензия
боль в суставах покраснение сустава деформация сустава отек сустава,артрит
онемение боль в суставах покраснение сустава деформация сустава утренняя скованность в суставах боли в бедре боли в колене боли в кистях рук отек сустава боли в пальцах рук,артроз остеоартроз
боль внизу живота тошнота повышение температуры до 38с снижение массы тела слюнотечение снижение аппетита сухой кашель зуд в области ануса,аскаридоз
головная боль снижение остроты зрения нечеткость зрения боль в глазах искажение зрения усталость глаз,астигматизм
бледность кожи бессонница повышение артериального давления нарушение памяти снижение остроты зрения головокружение повышенная усталость боли в пояснице боль за грудиной онемение боли в грудной клетке шум в ушах рассеяность внимания перемежающаяся хромота боль при ходьбе,атеросклероз
зуд сыпь сыпь красного цвета сухость расчесы покраснение утолщение кожи,атопический дерматит
социальная изоляция эмоциональная отрешенность бесцельные движения ритуальное поведение аутоагрессия потребность в однообразии неулыбчивость погружение в себя скудность мимики и жестикуляции,аутизм
тошнота снижение массы тела слюнотечение отрыжка изжога боль за грудиной боли в грудной клетке нарушение глотания срыгивание,ахалазия пищевода
боль во время мочеиспускания выделения из уретры язвы в области гениталий боль во время ходьбы зуд головки полового члена жжение головки полового члена покраснение головки полового члена увеличение лимфатических узлов в паху,баланит
зуд головки полового члена жжение головки полового члена отек крайней плоти покраснение головки полового члена,баланопостит
повышение температуры до 3839с боль во время полового акта боль во время ходьбы припухлость большой половой губы,бартолинит
рвота тошнота боль в паху запор икота метеоризм боли в бедре выпячивание в паховобедренной складке,бедренная грыжа
трудности с засыпанием неудовлетворительное качество сна,бессонница
бессонница повышение температуры до 38с слюнотечение агрессия нарушение поведения галлюцинации страх бред паралич гиперактивность водобоязнь воздухобоязнь аэрофобия,бешенство
бессонница потеря аппетита анорексия эйфория заторможенность мысли о суициде чувство вины возбужденное поведение быстрый темп речи патологическая отвлекаемость замедленная речь ступор бессвязная речь,биполярное аффективное расстройство маниакальнодепрессивный психоз
усталость глаз песок в глазах зуд века жжение века тяжесть век,блефарит
головная боль снижение остроты зрения усталость глаз снижение зрения вдаль прищуривание,близорукость миопия
судороги а снижение артериального давления рвота жажда нерегулярный менструальный цикл депрессия вспыльчивость тошнота боль вверху живота повышенная усталость снижение массы тела диарея раздражительность снижение аппетита учащение сердцебиения тахикардия мышечная слабость потеря аппетита анорексия трудность при глотании онемение тремор дрожание нарушения эрекции полиурия увеличение суточного объема мочи пятна на коже после пребывания на солнце тяга к кислому и соленому снижение уровня глюкозы в крови,болезнь аддисона
нарушение памяти плаксивость апатия агрессия нарушения координации нарушение речи нарушение поведения нарушение движения забывчивость трудности с запоминанием недержание мочи дезориентация галлюцинации,болезнь альцгеймера
снижение остроты зрения боли в пояснице боли в спине боль в шее скованность движений боль в суставах боли в бедре отек сустава боль в позвоночнике деформация позвоночника деформация позвоночника боли в ягодице,болезнь бехтерева анкилозирующий спондилит
повышение артериального давления нерегулярный менструальный цикл депрессия гирсутизм рост волос по мужскому типу мышечная слабость снижение полового влечения либидо эйфория нарушения эрекции повышение уровня глюкозы в крови гипергликемия стрии растяжки частые переломы лунообразное лицо ожирение верхней половины тела лицо багровокрасного цвета,болезнь иценкокушинга
слезотечение покраснение глаз головная боль слабость повышение температуры до 3839с увеличение лимфоузлов в подмышечной впадине снижение аппетита ломота в теле увеличение шейных лимфоузлов увеличение подчелюстных лимфоузлов увеличение лимфоузлов сыпь увеличение околоушных лимфоузлов,болезнь кошачьих царапин фелиноз
рвота повышение температуры до 3839с тошнота боль вверху живота повышенная усталость снижение массы тела диарея вздутие живота потеря аппетита анорексия,болезнь крона
слабость,болезнь лайма
снижение артериального давления рвота тошнота головокружение нарушения координации шум в ушах снижение слуха нарушение равновесия,болезнь меньера
бессонница депрессия повышенное потоотделение повышенная усталость слюнотечение повышение тонуса мышц ригидность сутулость нарушения координации нарушение движения дезориентация тремор дрожание кукольная походка мелкими шагами маскообразное лицо поза просителя туловище опережает ноги страх,болезнь паркинсона
нарушение памяти депрессия трудность при глотании апатия агрессия нарушения координации навязчивые идеи паника бесцельные движения непонятная речь непроизвольные движения мельтешение зрачков гиперсексуальность проблемы с контролем осанки,болезнь хантингтона
бледность кожи слабость повышение температуры до 3839с повышенная усталость снижение массы тела потеря аппетита анорексия увеличение лимфоузлов петехии точечные кровоизлияния ночное потение,болезнь ходжкина лимфогранулематоз
боль в молочной железе,боль в груди мастодиния
боли в спине онемение скованность движений стреляющая боль в спине боль в позвоночнике боли в конечностях боль при повороте туловища напряжение мышц спины,боль в спине дорсалгия
головокружение боль в шее малоподвижность головы боль в затылке,боль в шее цервикалгия
рвота снижение остроты зрения диарея сухость во рту колики в животе учащение сердцебиения тахикардия одышка нарушение дыхания,ботулизм
удушье тяжесть в грудной клетке свистящее дыхание хрипы в груди приступообразный кашель экспираторная одышка утруднен выдох,бронхиальная астма
синюшность цианоз хрипы в груди слабость повышение температуры до 38с сухой кашель одышка нарушение дыхания выпуклость ногтей,бронхиолит
удушье озноб повышенное потоотделение повышение температуры до 38с боли в грудной клетке сухой кашель кашель с мокротой одышка,бронхит
бессонница головная боль слабость раздражительность снижение аппетита повышение температуры выше 39с увеличение лимфоузлов,бруцеллез
ночные приступы голода приступообразное переедание постоянное чувство голода собственноручное вызывание рвоты,булимия
боль в суставах покраснение сустава отек сустава ограничение подвижности сустава локальное повышение температуры,бурсит
зуд гениталий выделения из влагалища бели боль во время полового акта боль во время мочеиспускания прозрачные выделения из влагалища,вагинит
нарушение чувствительности онемение расширение вен отеки ног судороги икроножных мышц боли в нижних конечностях трофические язвы голени и стоп тяжесть в ногах,варикоз
бесплодие боль в мошонке уменьшение яичка тяжесть в мошонке,варикоцеле
озноб боль в паху повышение температуры выше 39с преждевременное семяизвержение частое мочеиспускание боль в промежности кровь в сперме боль во время семяизвержения выделения из уретры боль в прямой кишке,везикулит
отеки ног сухость судороги икроножных мышц пигментация боли в нижних конечностях трофические язвы голени и стоп,венозная недостаточность
зуд повышение температуры до 3839с сыпь,ветрянка ветряная оспа
бородавки кондиломы,вирус папилломы человека впч
бородавки,вирусные бородавки
головная боль слабость рвота тошнота диарея повышение тонуса мышц ригидность повышение температуры выше 39с потеря аппетита анорексия мышечная боль,вирусный менингит
слабость депрессия повышенная усталость онемение снижение интеллекта яркокрасный цвет языка лакированный язык,витаминв12дефицитная анемия
нарушение чувствительности белые пятна на коже обесцвечивание волос гусиная кожа,витилиго
расщепление неба раздвоение язычка,волчья пасть
онемение боль в стопе боли в бедре стреляющая боль в ноге боли в ягодице,воспаление седалищного нерва ишиас
болезненность ногтя отечность пальца гноетечение изпод ногтя рана по краю ногтя,вросший ноготь
повышение тонуса мышц ригидность сутулость дезориентация тремор дрожание кукольная походка мелкими шагами маскообразное лицо поза просителя туловище опережает ноги заторможенность непонятная речь,вторичный паркинсонизм
зуд гениталий выделения из влагалища бели боль во время полового акта желтые выделения из влагалища прозрачные выделения из влагалища,вульвит
боль внизу живота зуд гениталий раздражение в области гениталий боль во время полового акта боль во время мочеиспускания зеленоватые влагалищные выделения пенистые влагалищные выделения влагалищные выделения с рыбным запахом,вульвовагинит
боль в суставах деформация сустава отек сустава кровоподтеки ограничение подвижности сустава,вывих сустава
дрожание радужки иридодонез,вывих хрусталика
боль внизу живота боль во время полового акта боли в пояснице запор боль во время мочеиспускания случайное мочеиспускание,выпадение матки и влагалища
бессонница насморк заложенность носа головная боль повышенная усталость повышение температуры до 38с гнусавость недомогание боль в пазухах носа боль в глазах,гайморит
снижение остроты зрения нерегулярный менструальный цикл гирсутизм рост волос по мужскому типу угри камедоны черные точки снижение полового влечения либидо увеличение груди нарушения эрекции сухость слизистой влагалища,галакторея
бледность кожи слабость рвота тошнота повышенное потоотделение снижение массы тела запор диарея раздражительность боль в желудке белый налет на языке слюнотечение сухость во рту тяжесть распирание желудка отрыжка изжога неприятный привкус урчание в животе вздутие живота икота,гастрит
бледность кожи бессонница рвота тошнота боль вверху живота снижение массы тела запор диарея тяжесть отрыжка снижение аппетита желтый налет на языке,гастродуоденит
рвота тошнота слюнотечение отрыжка изжога вздутие живота боль за грудиной боль в шее охриплость неприятный запах изо рта боль в горле кариес боли в левой половине грудной клетки боль в пищеводе,гастроэзофагеальная рефлюксная болезнь гэрб
рвота боль в подложечной области диарея отрыжка изжога урчание в животе вздутие живота,гастроэнтероколит
краснобагровые наросты на коже,гемангиома
судороги а слабость головокружение повышение температуры до 38с одышка увеличение печени,гемолитическая анемия
боль после опорожнения кишечника шишки кал с кровью зуд в заднем проходе кровотечение боль во время дефекации,геморрой
носовые кровотечения моча с кровью боль в суставах кровоподтеки синяки,гемофилия
бледность кожи бессонница повышение артериального давления бесплодие повышенное потоотделение учащение сердцебиения тахикардия тремор дрожание страх рассеяность внимания холодные и влажные ладони,генерализованное тревожное расстройство
зуд гениталий жжение при мочеиспускании язвы в области гениталий сыпь в области гениталий,генитальный герпес
слабость рвота тошнота повышенная усталость повышение температуры до 38с желтушность желтушность склер темный цвет мочи бесцветный кал боль в правом подреберье увеличение печени,гепатит g
зуд головная боль слабость рвота повышение температуры до 3839с тошнота запор снижение аппетита метеоризм желтушность желтушность склер темный цвет мочи бесцветный кал боль в правом подреберье горечь во рту недомогание неприятный запах изо рта увеличение печени,гепатит а
слабость рвота тошнота запор отрыжка вздутие живота метеоризм желтушность желтушность склер темный цвет мочи бесцветный кал боль в правом подреберье непереносимость жирной пищи горечь во рту сосудистые звездочки потеря аппетита анорексия носовые кровотечения покраснение ладоней неприятный запах изо рта увеличение печени стрии растяжки петехии точечные кровоизлияния отвращение к пищи,гепатит в
рвота тошнота боль вверху живота повышение температуры до 38с желтушность желтушность склер темный цвет мочи бесцветный кал боль в правом подреберье потеря аппетита анорексия увеличение печени,гепатит е
рвота тошнота боль вверху живота повышенная усталость повышение температуры до 38с желтушность желтушность склер темный цвет мочи бесцветный кал боль в правом подреберье потеря аппетита анорексия боль в суставах увеличение печени,гепатит с
зуд в носу повышение температуры до 38с зуд десен сыпь на губах зуд в области губ,герпес
судороги а бессонница головная боль рвота повышение артериального давления повышение массы тела нарушение памяти выделения с кровью снижение остроты зрения отечность жажда белок в моче,гестоз
зуд отечность полушаровидные узелки покраснение уплотнения е под кожей гноетечение болезненность участка кожи,гидраденит
слабость повышение артериального давления озноб отеки боли в пояснице повышение температуры выше 39с моча с кровью уменьшение объема мочи уплотнение в брюшной полости,гидронефроз
бесплодие увеличение мошонки нарушение полового акта нарушение мочеиспускания,гидроцеле
судороги а рвота увеличение окружности головы деформация черепа выбухание родничка частое запрокидывание головы слепота смещение глазных яблок,гидроцефалия
кровоточивость десен зуд десен покраснение десен неприятный запах изо рта,гингивит
увеличение груди тяжесть в грудных железах зуд в грудных железах,гинекомастия
судороги а головная боль повышение артериального давления жажда мышечная слабость частое мочеиспускание ночью онемение повышение уровня глюкозы в крови гипергликемия,гиперальдестеронизм
гиперактивность непродуктивная активность безрассудное поведение,гиперкинетические расстройства
бессонница слабость повышение артериального давления нарушение памяти депрессия плаксивость тошнота боль вверху живота снижение массы тела запор раздражительность неутолимая жажда потеря аппетита анорексия боль в стопе апатия нарушение поведения полиурия увеличение суточного объема мочи выпадение зубов,гиперпаратиреоз
маточные кровотечения межменструальные кровотечения обильные менструальные кровотечения,гиперплазия эндометрия
прекращение менструаций не связанное с беременностью задержка менструаций бесплодие снижение полового влечения либидо увеличение груди нарушения эрекции выделение молока из молочных желез,гиперпролактинемия
бессонница повышение артериального давления нерегулярный менструальный цикл плаксивость боль вверху живота повышенное потоотделение снижение массы тела запор диарея раздражительность желтушность мышечная слабость тремор дрожание усиленное сердцебиение нарушения эрекции повышение аппетита повышение уровня глюкозы в крови гипергликемия увеличение щитовидной железы тонкие волосы,гипертиреоз
приступообразный кашель нарушение дыхания нарушение глотания частые инфекции,гипертрофия миндалин
увеличение груди,гипертрофия молочной железы
увеличение яичка увеличение полового влечения,гиперфункция яичек
бледность кожи судороги а бессонница рвота нарушение памяти головокружение повышенное потоотделение нарушение чувствительности учащение сердцебиения тахикардия шум в ушах ухудшение ночного сумеречного зрения сыпь сухость ухудшение интеллекта снижение слуха ломкость ногтей кариес,гипопаратиреоз
обесцвечивание кожи,гипопигментация кожи
нарушение мочеиспускания,гипоспадия
бледность кожи головная боль слабость тошнота головокружение повышенное потоотделение раздражительность учащение сердцебиения тахикардия одышка рассеяность внимания сонливость склонность к укачиванию холодные кисти рук холодные стопы чувствительность к смене погоды вялость по утрам чувствительность к смене климатических условий,гипотензия
снижение артериального давления бессонница заложенность носа повышение массы тела нарушение памяти нерегулярный менструальный цикл отеки выпадение волос снижение аппетита боль за грудиной ломота в теле охриплость отек века одышка замедленное сердцебиение брадикардия мышечная боль тонкие волосы заторможенность понижение температуры непереносимость холода сухость одутловатость лица расслоение ногтевой пластины,гипотиреоз
снижение остроты зрения повышение внутриглазного давления уменьшение глазного яблока уменьшение глаза,гипотония глаза
снижение полового влечения либидо отсутствие семяизвержения нарушения эрекции отсутствие волос на лице высокий женский тембр голоса малоразвитые половые органы худощавое телосложение непропорциональное телосложение,гипофункция яичек гипогонадизм
боль в глазах затуманивание зрения радужные круги перед глазами боль в висках,глаукома
рвота повышение артериального давления отеки боль вверху живота боли в пояснице боль в желудке уменьшение объема мочи моча цвета мясных помоев,гломерулонефрит
белый налет на языке слюнотечение сухость во рту яркокрасный цвет языка сухость языка пощипывание языка лакированный язык непонятная речь понижение вкусовой чувствительности ощущение инородного тела складки на поверхности языка слущивание эпителия языка увеличение языка болезненность языка,глоссит
нарушение равновесия иллюзия движения при повороте головы,головокружение
боли в колене атрофия мышц бедра скованность движений в колене хруст в колене отек колена деформация колена,гонартроз артроз коленного сустава
выделения с кровью боль внизу живота желтые выделения из влагалища боль во время мочеиспускания выделения из уретры жжение при мочеиспускании межменструальные кровотечения,гонорея триппер
розовые пятна на коже круглой или овальной формы,грибок кожи дерматофития
головная боль слабость озноб повышенная усталость сухость во рту повышение температуры выше 39с ломота в теле сухой кашель,грипп
боль внизу живота боль вверху живота выпячивание в области брюшной стенки,грыжа передней брюшной стенки
слезотечение покраснение глаз боль в глазах отек века уплотнение слезного мешка гнойные выделения из слезного мешка,дакриоцистит
головная боль снижение остроты зрения усталость глаз снижение зрения вблизи,дальнозоркость гиперметропия
снижение остроты зрения,дальтонизм ахроматопсия
слезотечение покраснение глаз снижение остроты зрения светобоязнь боль в глазах песок в глазах помутнение роговицы,дегенерация роговицы
дезориентация галлюцинации бред,делирий
нарушение памяти нарушения координации нарушение речи нарушение поведения нарушение движения забывчивость трудности с запоминанием дезориентация потеря счета времени,деменция
бессонница боль в области сердца повышенная усталость запор раздражительность снижение аппетита апатия нарушение поведения,депрессия
зуд жжение шелушение кожи сыпь покраснение утолщение кожи,дерматит
мышечная слабость учащенное дыхание ограничение подвижности сустава лиловокрасная сыпь на веках лиловокрасная сыпь по типу шали слабость мышц плеча слабость мышц шеи слабость мышц таза,дерматополимиозит
повышение температуры до 3839с увеличение подчелюстных лимфоузлов сыпь,детская розеола
судороги а снижение остроты зрения повышение тонуса мышц ригидность недержание мочи снижение слуха кариес отставание в развитии бесцельные движения непонятная речь непроизвольные движения нарушение глотания тугоподвижность суставов перекрещение ног перекос таза глухота косоглазие неконтролируемая дефекация укорочение конечности отсутствие интереса к игрушкам сохранение врожденных рефлексов у ребенка,детский церебральный паралич
головная боль снижение остроты зрения головокружение скованность движений перемежающаяся хромота боль при ходьбе боли в бедре боль в позвоночнике стреляющая боль в ноге,деформирующий спондилез
снижение остроты зрения пелена перед глазами плавающие пятна перед глазами,диабетическая ретинопатия
боль вверху живота отрыжка изжога боль в правом подреберье боль в левом подреберье боли в грудной клетке одышка бульканье в грудной клетке,диафрагмальная грыжа
головная боль рвота озноб повышение температуры до 3839с боль внизу живота тошнота белый налет на языке снижение аппетита зловонный кал ломота в теле стул зеленого цвета ложные позывы к дефекации,дизентерия шигеллез
диарея урчание в животе вздутие живота снижение аппетита метеоризм,дисбактериоз
отрыжка боль при глотании боль за грудиной боли в грудной клетке нарушение глотания боль в пищеводе жжение за грудиной,дискинезия пищевода
удушье головная боль слабость боль внизу живота тошнота,дисменорея
тошнота боль в подложечной области распирание желудка тяжесть в подложечной области,диспепсия
дополнительная складка ассиметрия ягодиц укорочение бедра,дисплазия тазобедренных суставов
нарушение восприятия самого себя расщепление личности внезапная амнезия,диссоциативные конверсионные расстройства
прекращение менструаций не связанное с беременностью боль внизу живота нерегулярный менструальный цикл болезненные менструации маточные кровотечения бесплодие межменструальные кровотечения невынашивание беременности,дисфункция яичников
бессонница головная боль нарушение памяти депрессия головокружение раздражительность шум рассеяность внимания,дисциркуляторная энцефалопатия
бледность кожи слабость повышение температуры до 3839с повышенная усталость снижение массы тела потеря аппетита анорексия увеличение лимфоузлов петехии точечные кровоизлияния ночное потение,диффузная неходжкинская лимфома
рвота тошнота боль вверху живота запор диарея боль в желудке распирание желудка отрыжка изжога снижение аппетита боль в правом подреберье боль в левом подреберье горечь во рту,дуоденит
бледность кожи потеря сознания обморок снижение артериального давления синюшность цианоз бессонница головная боль нарушение памяти тошнота учащение сердцебиения тахикардия одышка сонливость бочкообразная грудная клетка,дыхательная недостаточность
слабость шелушение кожи трещины на коже деформация ногтей выпадение волос снижение аппетита мышечная слабость трудность при глотании чувство кома в горле тонкие волосы сухость расслоение ногтевой пластины сухость языка извращение вкуса пощипывание языка ломкость волос зеленоватый цвет кожи ложкообразная фора ногтей,железодефицитная анемия
головная боль рвота отечность жажда тошнота повышение температуры выше 39с учащение сердцебиения тахикардия стреляющая боль в спине яркокрасный цвет языка сухость языка рвота с кровью стреляющая боль в ноге,желтая лихорадка
желтушность желтушность склер темный цвет мочи бесцветный кал,желтуха
тошнота боль в подложечной области повышенное потоотделение запор отрыжка вздутие живота метеоризм желтушность желтушность склер боль в правом подреберье непереносимость жирной пищи боль в правой половине грудной клетки тяжесть в подложечной области боль под правой лопаткой боль в правом плече,желчекаменная болезнь
невозможность зачатия в течение года прекращение менструаций не связанное с беременностью,женское бесплодие
рвота снижение остроты зрения тошнота выпадение волос сухость во рту боль в правом подреберье тяжесть в правом подреберье сухость увеличение печени ранняя седина,жировой гепатоз печени
рвота повышение температуры до 3839с боль внизу живота тошнота боль вверху живота запор сухость во рту кал с кровью,заворот кишок
страх речи неестественное растягивание звуков повторение отдельных звуков повторение отдельных слогов повторение отдельных фраз прерывистость речи,заикание запинание
дефект губ,заячья губа
кровоточивость десен зуд десен неприятный запах изо рта пятна на зубной эмали,зубной камень
депрессия мысли о суициде зависимость от азартных игр,игромания
головная боль рвота повышение температуры до 3839с диарея сухой кашель разлитая боль в животе,иерсиниоз псевдотуберкулез
кривизна зубного ряда,импактные зубы
красные пятна о сыпь сыпь красного цвета язвочки на коже корочки медового цвета,импетиго
бесплодие нарушения эрекции отсутсвие эрекции,импотенция эректильная дисфункция
судороги а потеря сознания обморок головная боль рвота тошнота головокружение мышечная слабость нарушения координации нарушение речи дезориентация тремор дрожание снижение интеллекта нарушение тактильной чувствительности нарушение дыхания паралич мельтешение зрачков слепота нарушение чтения покраснение,инсульт
потеря сознания обморок головная боль рвота тошнота головокружение повышенное потоотделение сухость во рту нарушение речи дезориентация боль в глазах ощущение сердцебиения сонливость паралич неспособность ходить глухота слепота,инфаркт мозга
слабость повышение температуры до 38с боль в горле увеличение лимфоузлов,инфекционный мононуклеоз
слезотечение покраснение глаз снижение остроты зрения светобоязнь боль в глазах боль в висках пелена перед глазами сужение или изменение формы зрачка изменение цвета радужки,иридоциклит
шелушение кожи тонкие волосы сухость расслоение ногтевой пластины ломкость ногтей покраснение чешуйчатость кожи шершавость,ихтиоз
повышение температуры выше 39с багровосиний цвет кожи рана на коже уплотнения е под кожей гноетечение,карбункул
потеря сознания обморок головокружение повышенная усталость учащение сердцебиения тахикардия тяжесть в правом подреберье боль за грудиной одышка отеки ног неритмичное сердцебиение,кардиомиопатии
пятна на зубной эмали зубная боль,кариес
мышечная слабость кошмары сонный паралич,катаплексия
мушки точки перед глазами нечеткость зрения блики вспышки перед глазами радужные круги перед глазами снижение зрения вдаль двоение в глазах ухудшение ночного сумеречного зрения,катаракта
отеки повышенное потоотделение жгучая трудно локализуемая боль в конечностях уменьшение боли от холодной воды усиление боли при воздействии раздражителей тугоподвижность суставов,каузалгия
зуд рубцы,келоидный рубец
слезотечение покраснение глаз светобоязнь боль в глазах песок в глазах обильные выделения из глаз помутнение роговицы рези в глазах гнойные выделения из слезного мешка блефароспазм спазм век снижение чувствительности роговицы сужение или изменение формы зрачка изменение цвета глазного яблока,кератит
трещины на коже бородавки утолщение кожи чешуйчатость кожи,кератоз
повышение температуры до 3839с увеличение нагрубание молочной железы нерегулярный менструальный цикл маточные кровотечения тошнота боль во время полового акта вздутие живота чувство неполного опорожнения мочевого пузыря,киста желтого тела
тяжесть желтушность склер,киста поджелудочной железы
повышение артериального давления озноб боли в пояснице повышение температуры выше 39с моча с кровью,киста почки
боль внизу живота задержка менструаций нерегулярный менструальный цикл болезненные менструации,киста яичника
боли в спине боль в шее онемение боли в грудной клетке боли в мышцах живота,кифоз
рвота боль внизу живота тошнота боль вверху живота запор вздутие живота боли в области пупка,кишечные спайки
эйфория навязчивые мысли обессии,клептомания
повышение артериального давления нерегулярный менструальный цикл депрессия плаксивость приливы вспыльчивость маточные кровотечения боль в области сердца гирсутизм рост волос по мужскому типу,климакс менопауза
боль в паху укорочение бедра боли в бедре укорочение конечности хруст боль в тазобедренном суставе атрофия мышц бедра скованность движений в тазу,коксартроз артроз тазобедренного сустава
слабость снижение массы тела диарея урчание в животе вздутие живота зловонный кал колики в животе,колит
зуд гениталий раздражение в области гениталий,кондиломы влагалища
полушаровидные узелки,контагиозный моллюск
тугоподвижность суставов ограничение подвижности сустава,контрактура сустава
зуд в глазах слезотечение покраснение глаз отек века жжение в глазу песок в глазах обильные выделения из глаз,конъюнктивит
удушье бледность кожи боль в области сердца,коронарный тромбоз
насморк зуд в глазах слезотечение покраснение глаз повышение температуры выше 39с сухой кашель отек века сыпь,корь
двоение в глазах нессиметричное положение глаз зрачков расхождение зрачков прищуривание,косоглазие
зуд жжение волдыри белорозового или красного цвета,крапивница
повышение артериального давления боль в области сердца отеки выпадение волос сосудистые звездочки покалывание в пальцах рук сухой кашель язвы а одышка расширение вен боль в суставах утренняя скованность в суставах сухость ломкость ногтей покраснение синюшность пальцев красная кайма губ чешуйчатость кожи рубцы покраснение на лице в виде бабочки мешки вокруг глаз,красная волчанка
насморк повышение температуры до 3839с боль в горле увеличение лимфоузлов сыпь красного цвета,краснуха
искривление дуги позвоночника ассиметрия лица ассиметрия плеч малоподвижность головы наклон головы в одну сторону,кривошея
боли в пальцах рук,ладонный фиброматоз дюпюитрена
повышение температуры до 38с сухость во рту боль при глотании сухой кашель охриплость першение в горле,ларингит
насморк повышение температуры до 3839с сухой кашель охриплость першение в горле боль в горле увеличение лимфоузлов приступообразная боль в груди боль в лимфоузлах,ларинготрахеит
потеря сознания обморок слабость боль в области сердца повышенная усталость сухой кашель охриплость одышка кровохарканье отеки ног,легочная гипертензия
удушье снижение артериального давления синюшность цианоз слабость головокружение учащение сердцебиения тахикардия боли в грудной клетке кашель с мокротой одышка холодный пот учащенное дыхание,легочный отек
бледность кожи бессонница слабость нарушение памяти повышенная усталость повышение температуры до 38с носовые кровотечения увеличение лимфоузлов кровоподтеки темные круги под глазами,лейкемия
бледность кожи слабость повышение температуры до 3839с снижение массы тела потеря аппетита анорексия носовые кровотечения кровоподтеки петехии точечные кровоизлияния ночное потение синяки тяжесть в левом подреберье,лейкоз
выделения с кровью боль во время полового акта,лейкоплакия шейки матки
снижение артериального давления хрипы в груди отек лица покраснение глаз головная боль рвота повышение температуры до 3839с боль внизу живота боль вверху живота вздутие живота снижение аппетита желтушность желтушность склер учащение сердцебиения тахикардия носовые кровотечения кровоточивость десен боли в грудной клетке сухой кашель отек века мышечная боль уменьшение объема мочи серый налет моча красного цвета кровяная сыпь на коже геморрагии,лептоспироз
зуд слабость увеличение лимфоузлов в подмышечной впадине повышение температуры до 38с боли в пояснице снижение массы тела проливной пот сухой кашель увеличение шейных лимфоузлов одышка увеличение лимфоузлов,лимфома
поперечная исчерченность ногтей,линии бо
зуд зуд гениталий шелушение кожи сыпь в области гениталий голубые пятна на коже,лобковый педикулез фтириоз
боли в спине выпирание живота выдвижение плечей вперед раздвинутые коленные суставы,лордоз
повышение температуры до 3839с тошнота боль вверху живота диарея снижение аппетита боли в области пупка сыпь жировые включения в кале,лямблиоз
головная боль рвота озноб повышение температуры выше 39с ломота в теле боль в суставах,малярия
озноб повышение температуры до 3839с застой молока отек молочной железы покраснение молочной железы увеличение нагрубание молочной железы боль в молочной железе увеличение лимфоузлов в подмышечной впадине,мастит
головная боль повышение температуры до 38с боль в ухе гнойные выделения из уха шум в ушах снижение слуха,мастоидит
увеличение нагрубание молочной железы боль в молочной железе увеличение лимфоузлов в подмышечной впадине тяжесть в грудных железах выделения из соска уплотнения в груди,мастопатия фибрознокистозная болезнь молочной железы
судороги а потеря сознания обморок бессонница головная боль рвота повышение тонуса мышц ригидность повышение температуры выше 39с галлюцинации светобоязнь звукобоязнь фонофобия бред,менингит
головная боль рвота озноб тошнота повышение температуры выше 39с сыпь,менингококковая инфекция
удушье потеря сознания обморок снижение артериального давления слабость головокружение учащение сердцебиения тахикардия боли в грудной клетке страх одышка неритмичное сердцебиение потемнение в глазах,мерцательная аритмия
мышечная боль боль в мышцах,миалгия
повышенная усталость слюнотечение мышечная слабость нарушение движения гнусавость двоение в глазах нарушение дыхания опущение века нарушение глотания изменение выражения лица нарушение жевания,миастения
головная боль рвота тошнота головокружение раздражительность дезориентация приступообразная головная боль светобоязнь звукобоязнь фонофобия отвращение к запахам,мигрень
бесплодие боль в паху боль во время мочеиспускания утрудненное мочеиспускание боль в яичке выделения из уретры жжение при мочеиспускании выделения слизистогнойного характера,микоплазмоз
головная боль слабость повышенное потоотделение повышение температуры до 38с боли в спине боль в шее боль в мышцах боль в мышцах рук боль в мышцах ног боль в мышцах спины,миозит
снижение артериального давления повышение температуры до 38с учащение сердцебиения тахикардия боль за грудиной боли в грудной клетке одышка замедленное сердцебиение брадикардия неритмичное сердцебиение,миокардит
боль во время полового акта бесплодие боль в тазу частое мочеиспускание чувство неполного опорожнения мочевого пузыря недержание мочи обильные менструальные кровотечения,миома матки
головная боль слабость озноб боль внизу живота нерегулярный менструальный цикл маточные кровотечения повышение температуры до 38с снижение аппетита выделения слизистогнойного характера,миометрит
мышечная слабость искривление дуги позвоночника нарушение дыхания нарушение глотания атрофия мышц неспособность ходить,миопатия
повышенная усталость недомогание одышка ощущение сердцебиения ночная одышка,митральная недостаточность
повышение артериального давления боли в пояснице тяжесть внизу живота боли в промежности,многоводие
зуд гениталий раздражение в области гениталий выделения из влагалища бели боль во время полового акта жжение при мочеиспускании сыпь в области гениталий белый налет,молочница кандидоз
боль внизу живота боль в паху боли в пояснице частое мочеиспускание боль во время мочеиспускания мутность мочи моча с кровью жжение при мочеиспускании,мочекаменная болезнь
невозможность зачатия на протяжении года и более,мужское бесплодие
бессонница рвота запор диарея вздутие живота кашель с мокротой одышка,муковисцидоз
нарушение речи отсутствие спонтанной и ответной речи,мутизм
бессонница мышечная слабость галлюцинации сонливость кошмары внезапный сон спонтанное засыпание сонный паралич,нарколепсия
преждевременное семяизвержение задержка семяизвержения отсутствие семяизвержения,нарушение семяизвержения
зуд в носу насморк чиханье заложенность носа слезотечение ослабление обоняния нюха недомогание,насморк ринит
бессонница головная боль слабость плаксивость вспыльчивость повышенная усталость раздражительность повышенная возбудимость апатия рассеяность внимания,неврастения
мушки точки перед глазами ухудшение искажение цветового восприятия боль в глазах плавающие пятна перед глазами молниеносное снижение остроты зрения усиление симптомов после принятия ванны,неврит зрительного нерва
слезотечение нарушение чувствительности слюнотечение боль в ухе снижение слуха непроизвольные сокращения мышц ассиметрия лица,неврит лицевого нерва
мышечная слабость онемение нарушения координации одеревенение ног зуд в стопе жжение в стопе,невропатия
бледность кожи судороги а потеря сознания обморок слабость повышение массы тела повышенное потоотделение учащение сердцебиения тахикардия онемение нарушение речи дезориентация тремор дрожание страх двоение в глазах голод,недиабетическая гипогликемическая кома
шелушение кожи ухудшение ночного сумеречного зрения сухость ломкость волос сухость глаз поперечная исчерченность ногтей снижение сумеречного зрения,недостаточность витамина а
бессонница рвота тошнота боль вверху живота мышечная слабость онемение забывчивость рассеяность внимания боли в икрах сухость языка зябкость ослабление сухожильных рефлексов,недостаточность витамина в1
шелушение кожи онемение яркокрасный цвет языка сухость языка заеды,недостаточность витамина в2 рибофлавина
синюшность цианоз слабость вздутие живота боль в правом подреберье учащение сердцебиения тахикардия тяжесть в правом подреберье одышка отеки ног,недостаточность клапана легочной артерии
диарея снижение интеллекта сыпь сухость языка,недостаточность никотиновой кислоты пеллагра
синюшность цианоз боль в правом подреберье отеки ног набухание шейных вен пульсация сонных артерий,недостаточность трехстворчатого клапана
слабость отечность боль в области сердца,нейроциркуляторная дистония
непроизвольное мочеиспускание недержание мочи,непроизвольное мочеиспускание
головная боль рвота снижение остроты зрения тошнота неутолимая жажда частое мочеиспускание,несахарный диабет
увеличение щитовидной железы,нетоксический зоб
отставание в росте,низкорослость карликовость
тошнота головокружение нарушения координации,нистагм
бледность кожи жжение онемение перемежающаяся хромота боль при ходьбе боли в икрах покраснение синюшность пальцев кровоизлияния е,облитерирующий тромбангиит
выпадение волос,облысение алопеция
навязчивые мысли обессии навязчивые действия компульсии,обсессивнокомпульсивное расстройство
бессонница головная боль повышение артериального давления повышение массы тела нерегулярный менструальный цикл бесплодие боли в пояснице запор учащение сердцебиения тахикардия одышка боль в суставах нарушения эрекции повышение аппетита повышение уровня глюкозы в крови гипергликемия чрезмерный рост волос на теле гипертрихоз,ожирение
блики вспышки перед глазами молниеносное снижение остроты зрения,окклюзии сосудов сетчатки
боль внизу живота нерегулярный менструальный цикл выделения из влагалища бели боль во время полового акта повышение температуры до 38с боль во время мочеиспускания межменструальные кровотечения,оофорит
зуд тошнота диарея снижение аппетита повышение температуры выше 39с боль в суставах,описторхоз
зуд повышение температуры до 3839с пузырчатая болезненная сыпь,опоясывающий лишай
насморк чиханье головная боль слабость рвота повышение температуры до 38с боль в глазах сухой кашель боль в горле,орви
озноб повышение температуры до 3839с боль в паху боли в пояснице боль в яичке боль в промежности увеличение яичка покраснение мошонки,орхит
потеря сознания обморок синюшность цианоз расширенные зрачки не реагирующие на свет отсутствие пульса отсутствие дыхания,остановка сердца
потеря сознания обморок отечность озноб повышение температуры выше 39с недомогание боль в суставах покраснение,остеомиелит
повышение тонуса мышц ригидность скованность движений искривление дуги позвоночника сутулость боль в позвоночнике уменьшение роста,остеопороз
головная боль боли в пояснице боли в спине боль в шее онемение мышечные спазмы скованность движений шум мушки точки перед глазами цветные пятна перед глазами стреляющая боль в спине,остеохондроз
потеря сознания обморок учащение сердцебиения тахикардия одышка уменьшение объема мочи,острая постгеморрагическая анемия
удушье отек гортани отек лица синюшность языка,отек квинке
потеря сознания обморок головная боль рвота тошнота головокружение дезориентация замедленная речь ступор провалы в памяти,отек мозга
повышение температуры до 38с стреляющая боль в ухе боль в ухе гнойные выделения из уха заложенность уха шум в ушах,отит
бледность кожи синюшность цианоз нарушение чувствительности покраснение,отморожения
гнойные выделения из уха выделения из уха,оторея
слабость рвота тошнота повышенное потоотделение,отравление алкоголем
снижение остроты зрения мушки точки перед глазами блики вспышки перед глазами затуманивание зрения пелена перед глазами плавающие пятна перед глазами,отслойка и разрывы сетчатки
бледность кожи бессонница повышение артериального давления головокружение повышенное потоотделение учащение сердцебиения тахикардия холодные и влажные ладони паника боли в левой половине грудной клетки беспокойство,паническое расстройство эпизодическая пароксизмальная тревожность
потеря сознания обморок зуд рвота тошнота боль вверху живота вздутие живота метеоризм желтушность опоясывающая боль в верхней части живота повышение тонуса мышц ригидность боль в левом подреберье полифекалия увеличение объема каловых масс,панкреатит
паралич,паралич
повышение температуры до 3839с кровоточивость десен кровоточивость десен покраснение десен неприятный запах изо рта выделение гноя изпод десны подвижность зубов подвижность зубов боль у основания зубов выпадение зубов,пародонтит
зуд десен бледность десен обнажение шейки зуба,пародонтоз
потеря сознания обморок слабость тошнота головокружение учащение сердцебиения тахикардия частое мочеиспускание одышка беспокойство,пароксизмальная тахикардия
рвота боль внизу живота тошнота боль в паху запор вздутие живота икота метеоризм боль в мошонке выпячивание опухоль,паховая грыжа
зуд голубые пятна на коже расчесы гниды в волосах,педикулез вши
сыпь красного цвета покраснение покраснение ягодиц мокнущая сыпь,пеленочный дерматит
двоение в глазах боль в челюсти перемена прикуса смещение челюсти в сторону,перелом челюсти
отек лица слабость боль в области сердца икота боли в грудной клетке сухой кашель набухание шейных вен,перикардит
повышение температуры до 3839с покраснение десен зубная боль подвижность зубов зубная боль привоздействии раздражителей острая зубная боль ноющая зубная боль,периодонтит
бессонница слабость снижение аппетита зубная боль увеличение лимфоузлов отечность и разрушение надкостницы,периостит
бледность кожи снижение артериального давления рвота тошнота метеоризм повышение температуры выше 39с учащение сердцебиения тахикардия страх сухость разлитая боль в животе беспокойство сухость губ,перитонит
потеря сознания обморок слабость тошнота отеки снижение массы тела вздутие живота снижение аппетита желтушность желтушность склер носовые кровотечения покраснение ладоней кровяная сыпь на коже геморрагии отвращение к пищи извращение вкуса истощение печеночный запах изо рта,печеночная недостаточность
слабость озноб повышенное потоотделение боли в пояснице повышение температуры выше 39с ломота в теле,пиелонефрит
сыпь,пиодермия
быстрое утомление при ходьбе боль в стопе судороги в стопе отеки в щиколотках,плоскостопие
головная боль слабость озноб повышение температуры выше 39с боли в грудной клетке недомогание ломота в теле сухой кашель першение в горле кашель с мокротой одышка боль в горле,пневмония
бледность кожи синюшность цианоз боли в грудной клетке страх сухой кашель одышка,пневмоторакс
отек сустава белые узелки на суставах багровокрасный цвет сустава приступообразная боль в суставе,подагра
боль в суставах покраснение сустава деформация сустава отек сустава ограничение подвижности сустава,подвывих сустава
боль в суставах деформация сустава отек сустава покраснение,полиартрит
скованность движений боль в суставах деформация сустава,полиартроз
нарушение чувствительности мышечная слабость онемение нарушение движения атрофия мышц одеревенение ног зуд в стопе жжение в стопе,полиневропатия
кал с кровью кровотечение боль в области заднего прохода,полип анального канала
нерегулярный менструальный цикл маточные кровотечения бесплодие выделения мажущие межменструальные кровотечения обильные менструальные кровотечения,полип женских половых органов
кал с кровью кровотечение,полип прямой кишки
бессонница зуд в носу насморк чиханье заложенность носа зуд в глазах слезотечение покраснение глаз головная боль ослабление обоняния нюха слабость,поллиноз сенная лихорадка
тошнота боль в подложечной области метеоризм желтушность желтушность склер боль в правом подреберье потеря аппетита анорексия посинение вен живота черный стул примесь крови рвота с кровью расширение вен брюшной стенки,портальная гипертензия
повышение артериального давления кровяная сыпь на коже геморрагии пузырчатая болезненная сыпь пигментация,порфирия
слабость боль в области сердца повышение температуры до 38с боли в грудной клетке одышка отеки ног,постинфарктный синдром
повышенная возбудимость рассеяность внимания мысли о суициде чувство вины кошмары беспокойство навязчивые воспоминания о пережитой травме,посттравматический стресс
расширение вен отеки ног пигментация боли в нижних конечностях трофические язвы голени и стоп тяжесть в ногах утолщение кожи,постфлебитический синдром
зуд сыпь раздражение,потница
слабость рвота жажда тошнота сухость во рту неприятный привкус снижение аппетита тремор дрожание полиурия увеличение суточного объема мочи непроизвольные сокращения мышц аммиачный запах изо рта,почечная недостаточность
выделения с кровью,предлежание плаценты
усталость глаз трудно разглядеть мелкие предметы уменьшение контрастности зрения нарушение чтения,пресбиопия
головная боль рвота повышение артериального давления повышение массы тела тошнота головокружение отеки боль вверху живота,преэклампсия
нарушение речи бедность речи разорванность речи и мыслей нарушение восприятия внешнего мира замедленная речь бессвязная речь неестественное растягивание звуков повторение отдельных звуков повторение отдельных слогов повторение отдельных фраз прерывистость речи непонятная речь,прогрессирующая изолированная афазия
повышенное потоотделение белые пятна на коже красные пятна о выпадение волос носовые кровотечения онемение покалывание в пальцах рук покалывание в пальцах ног охриплость увеличение лимфоузлов сыпь нарушение дыхания сардоническая улыбка спазм мимических мышц,проказа лепра
повышение температуры до 38с запор кал с кровью боль в области заднего прохода кал со слизью боль в прямой кишке слизистогнойные выделения из перианальной области,проктит
удушье потеря сознания обморок озноб боль в области сердца головокружение повышенная усталость повышение температуры до 38с учащение сердцебиения тахикардия одышка учащенное дыхание боли в левой половине грудной клетки чувство неполного вдоха,пролапс митрального клапана
озноб боль во время полового акта боль в тазу боль в паху повышение температуры выше 39с преждевременное семяизвержение задержка семяизвержения частое мочеиспускание слабый ток мочи при мочеиспускании чувство неполного опорожнения мочевого пузыря боль в промежности боль после опорожнения кишечника,простатит
частое мочеиспускание ночью частое мочеиспускание слабый ток мочи при мочеиспускании чувство неполного опорожнения мочевого пузыря боль во время мочеиспускания утрудненное мочеиспускание боли в мочевом пузыре жжение при мочеиспускании,простатоцистит
боли в пояснице скованность движений стреляющая боль в спине вынужденное согнутое положение тела,прострел люмбаго
боль внизу живота боль в тазу боль во время дефекации зуд в области ануса рана в перианальной области боль в прямой кишке слизистогнойные выделения из перианальной области,прямокишечный свищ
депрессия чувство вины приступообразное переедание,психогенное переедание
шелушение кожи трещины на коже красные пятна о деформация ногтей,псориаз
выпуклость ногтей желтый цвет ногтя желтый цвет ногтя утолщение ногтя утолщение ногтя изгиб ногтя книзу изгиб ногтя книзу,птичий коготь онихогрифоз
маточные кровотечения тошнота увеличение матки,пузырный занос
повышение температуры до 38с снижение массы тела снижение аппетита пузырчатая болезненная сыпь покраснение,пузырчатка новорожденного
зубная боль привоздействии раздражителей острая зубная боль непрерывная зубная боль ночная зубная боль,пульпит
тошнота боли в области пупка выпячивание в области пупка расширение пупочного кольца,пупочная грыжа
головная боль рвота снижение остроты зрения маточные кровотечения тошнота носовые кровотечения кровоточивость десен синяки,пурпура
боль в паху боли в пояснице нарушение чувствительности боли в спине боль в шее боли в грудной клетке боль в стопе боль при повороте туловища боль в затылке боль в голени боли в плече боль в лопатках,радикулит радикулопатия
зуд повышенное потоотделение шелушение кожи сыпь красного цвета,разноцветный и отрубевидный лишай
сухость во рту боль при глотании першение в горле одышка,рак гортани
отеки повышенная усталость повышение температуры до 38с снижение массы тела боль в суставах хромота,рак костей и суставных хрящей
увеличение нагрубание молочной железы боль в молочной железе увеличение лимфоузлов в подмышечной впадине изменение формы молочной железы сморщивание кожи молочной железы шелушение кожи молочной железы выделения из соска припухлость или уплотнение соска втяжение соска опухание плеча,рак молочной железы
снижение массы тела желтушность темный цвет мочи стреляющая боль в спине разлитая боль в животе,рак поджелудочной железы
приступообразный кашель головная боль слабость повышение артериального давления повышение температуры до 38с снижение аппетита желтушность нарушения координации кровь в моче частые переломы боли в почке,рак почки
непроизвольное мочеиспускание слабость боль в паху снижение аппетита частое мочеиспускание ночью слабый ток мочи при мочеиспускании боль во время мочеиспускания кровь в сперме стреляющая боль в спине кровь в моче,рак предстательной железы
бледность кожи слабость маточные кровотечения боль во время полового акта боль в тазу повышенная усталость повышение температуры до 38с снижение массы тела межменструальные кровотечения обильные менструальные кровотечения,рак шейки матки
боль в области сердца снижение массы тела светобоязнь охриплость увеличение щитовидной железы,рак щитовидной железы
слабость боль внизу живота повышенное потоотделение боли в пояснице запор метеоризм частое мочеиспускание сонливость,рак яичника
снижение остроты зрения депрессия головокружение повышенная усталость мышечная слабость частое мочеиспускание онемение недержание мочи тремор дрожание внезапные позывы к мочеиспусканию нечеткость зрения ухудшение искажение цветового восприятия снижение интеллекта эйфория нарушение тактильной чувствительности покалывание в пальцах рук покалывание в пальцах ног,рассеянный склероз
отслоение ногтя,расслаивание ногтя онихолизис
снижение артериального давления слабость боль в области сердца повышенное потоотделение повышенная усталость повышение температуры до 38с розовые пятна на коже круглой или овальной формы снижение аппетита мышечная слабость нарушение поведения сухой кашель одышка боль в суставах усиленное сердцебиение,ревматизм
удушье бессонница слабость боль в области сердца боли в грудной клетке сухой кашель одышка ощущение сердцебиения отеки ног учащенное дыхание,ревматическая болезнь сердца
мышечная слабость ослабление сухожильных рефлексов непроизвольные движения насильственные подергивания непроизвольное гримасничанье,ревматическая хорея
повышенная усталость повышение температуры до 38с снижение массы тела сухость во рту снижение аппетита недомогание ломота в теле увеличение лимфоузлов боль в суставах покраснение сустава деформация сустава утренняя скованность в суставах холодный пот мышечная боль,ревматоидный артрит
бессонница повышенная усталость снижение аппетита апатия рассеяность внимания мысли о суициде чувство вины саморазрушительное поведение подавленное настроение заниженная самооценка,реккурентное депрессивное расстройство
боль во время дефекации ложные позывы к дефекации утрудненная дефекация чувство неполного опорожнения кишечника,ректоцеле
покраснение десен зубная боль кариес,ретинированные зубы
быстрый темп речи быстрая речь непонятная речь,речь взахлеб
головная боль слабость озноб тошнота головокружение красные пятна о повышение температуры выше 39с увеличение лимфоузлов боль в лимфоузлах,рожа
зуд жжение зуд в глазах покраснение глаз угри сосудистые звездочки сыпь сухость лицо багровокрасного цвета сухость глаз покраснение утолщение кожи гнойник и разрастание кожи носа,розацеа
зуд розовые пятна на коже круглой или овальной формы шелушение кожи,розовый лишай жибера
головная боль рвота озноб головокружение боль вверху живота диарея урчание в животе вздутие живота зловонный кал повышение температуры выше 39с ломота в теле стул зеленого цвета,сальмонеллез
слабость рвота озноб боль внизу живота тошнота выделения из влагалища бели боль во время полового акта повышение температуры до 38с диарея метеоризм выделения из уретры боль в прямой кишке,сальпингит
рвота озноб повышение температуры до 3839с боль внизу живота тошнота повышенное потоотделение боли в пояснице диарея потеря аппетита анорексия недомогание нарушение мочеиспускания,сальпингоофорит
хрипы в груди бессонница слабость повышенная усталость повышение температуры до 38с снижение массы тела потеря аппетита анорексия боли в грудной клетке недомогание сухой кашель одышка боль в суставах ночное потение,саркоидоз
зуд снижение остроты зрения повышенная усталость снижение массы тела раздражительность сухость во рту неутолимая жажда мышечная слабость частое мочеиспускание онемение пелена перед глазами плавающие пятна перед глазами повышение уровня глюкозы в крови гипергликемия сухость голод судороги икроножных мышц,сахарный диабет
количество зубов превышает норму,сверхкомплектные зубы
бессонница головная боль головная боль слабость озноб озноб повышение температуры до 3839с сухость во рту снижение аппетита повышение температуры выше 39с учащение сердцебиения тахикардия ломота в теле боль в суставах мышечная боль болезненность околоушных слюнных желез отечность околоушных слюнных желез боли в области ушей боли в области ушей воспаление подчелюстных желез воспаление подчелюстных желез воспаление подъязычной железы воспаление подъязычной железы,свинка эпидемический паротит
боль внизу живота боль в тазу зуд в заднем проходе боль во время дефекации зуд в области ануса рана в перианальной области боль в прямой кишке слизистогнойные выделения из перианальной области,свищ заднего прохода
шелушение кожи красные пятна о сыпь жирная кожа сальный блеск скопление корочек в волосах,себорейный дерматит
зуд шелушение кожи выпадение волос перхоть,себорея
хрипы в груди отеки учащение сердцебиения тахикардия сухой кашель одышка набухание шейных вен цианоз подбородка кончика носа и ушей пена изо рта и носа,сердечная недостаточность
снижение слуха эхо от самопроизносимых слов,серная пробка
прекращение менструаций не связанное с беременностью боль внизу живота задержка менструаций нерегулярный менструальный цикл депрессия вспыльчивость бесплодие боли в пояснице выпадение волос угри раздражительность апатия повышение уровня глюкозы в крови гипергликемия стрии растяжки центральное ожирение низ живота жирная кожа темные пигментные пятна мелкие складки на коже,синдром поликистозных яичников
потеря сознания обморок снижение артериального давления боль в области сердца головокружение одышка ощущение сердцебиения замирание сердца,синдром преждевременного возбуждения
рвота тошнота боль вверху живота запор диарея отрыжка горечь во рту боли в области пупка кал со слизью,синдром раздраженного кишечника
бледность кожи жжение,синдром рейно
бледность кожи потеря сознания обморок слабость нарушение памяти головокружение повышенная усталость раздражительность боль за грудиной забывчивость снижение интеллекта шум в ушах одышка замедленное сердцебиение брадикардия холодный пот провалы в памяти неритмичное сердцебиение замирание сердца,синдром слабости синусового узла
слезотечение жжение в глазу песок в глазах сухость глаз рези в глазах,синдром сухого глаза
нарушение памяти депрессия бесплодие скудность мимики и жестикуляции крыловидные складки на шее отвисание нижней губы полуоткрытый рот короткая шея отсутствие менструации атрофия кожи,синдром шерешевскоготернера
слабость повышение температуры до 38с покраснение сустава отек сустава ограничение подвижности сустава,синовит
насморк заложенность носа головная боль повышение температуры до 3839с недомогание боль в пазухах носа,синусит
бессонница головная боль слабость повышение температуры до 3839с выпадение волос раздражительность сыпь ломкость ногтей,системная красная волчанка
насморк повышение температуры до 38с сухой кашель увеличение лимфоузлов язвы в области гениталий пятнистая сыпь на коже,сифилис
головная боль рвота озноб шелушение кожи белый налет на языке повышение температуры выше 39с боль при глотании сыпь покраснение горла яркокрасный цвет языка,скарлатина
покраснение глаз светобоязнь боль в глазах отечность конъюнктивы,склерит
отечность боль в области сердца отеки сосудистые звездочки маскообразное лицо покалывание в пальцах рук покалывание в пальцах ног одышка боль в суставах деформация сустава утренняя скованность в суставах мышечная боль пигментация синюшность пальцев истончение кожи дряблость кожи,склеродермия
асимметричность искривление дуги позвоночника ассиметрия ребер сутулость,сколиоз
нарушение речи ассиметрия лица нарушение жевания шепелявость,смещения прикуса
покраснение болезненность участка кожи раздражение,солнечный ожог
сонливость,сонливость гиперсомния
мышечная слабость искривление дуги позвоночника нарушение дыхания нарушение сосания нарушение глотания атрофия мышц неспособность сидеть без поддержки ослабление мышц ног неспособность ходить,спинальная мышечная атрофия
боли в спине боль в шее стреляющая боль в спине боль в позвоночнике,спондилез
боли в пояснице искривление дуги позвоночника,спондилолиз
потеря сознания обморок синюшность цианоз слабость головокружение повышенная усталость боли в грудной клетке одышка,стеноз клапана легочной артерии
одышка пепельный цвет кожи цианоз подбородка кончика носа и ушей выраженный румянец щек,стеноз митрального клапана
слабость распирание желудка отрыжка боль в правом подреберье тяжесть в правом подреберье одышка неритмичное сердцебиение замирание сердца,стеноз трехстворчатого клапана
бледность кожи изжога боль за грудиной боль в шее боли в грудной клетке приступообразная боль в груди боль в левом плече,стенокардия
повышение тонуса мышц ригидность повышение температуры выше 39с боль при глотании трудность при глотании сардоническая улыбка спазм мимических мышц тризм спазм мышц рта тонические судороги,столбняк
повышение температуры до 3839с слюнотечение снижение аппетита язвы а белые пятна на слизистой рта отечность ротовой полости увеличение подчелюстных лимфоузлов,стоматит
бессонница повышенное потоотделение повышенная усталость раздражительность страх усиленное сердцебиение,стресс
снижение остроты зрения сухость во рту песок в глазах зуд века гнойные выделения из слезного мешка,сухой синдром шегрена
зуд шелушение кожи трещины на коже сухость покраснение,сухость кожи ксероз кожи
боль в суставах ограничение подвижности сустава,тендинит
зуд покраснение волдыри ь,термические и химические ожоги
непроизвольные сокращения мышц,тики
головная боль слабость озноб повышенное потоотделение учащение сердцебиения тахикардия трудность при глотании боль в шее охриплость увеличение шейных лимфоузлов увеличение щитовидной железы сухость одутловатость лица,тиреоидит
слабость запор диарея раздражительность снижение полового влечения либидо тремор дрожание опущение века,тиреотоксикоз
озноб повышение температуры выше 39с боль при глотании неприятный запах изо рта увеличение подчелюстных лимфоузлов боль в горле увеличение околоушных лимфоузлов белый налет на миндалинах,тонзиллит
потеря сознания обморок головная боль рвота мышечные спазмы паралич ослабление сухожильных рефлексов потеря памяти,травмы головы
дисгармония между статью и самоидентификацией желание сменить пол стиль поведения противоречащий физиологическому полу,транссексуализм
приступообразный кашель повышение температуры до 38с боль за грудиной сухой кашель охриплость першение в горле кашель с мокротой боль в горле,трахеит
тремор дрожание,тремор
зуд в заднем проходе кровотечение боль во время дефекации зуд в области ануса,трещина заднего прохода
хрипы в груди зуд отек лица покраснение глаз отечность повышение температуры до 3839с боль внизу живота повышение тонуса мышц ригидность повышение температуры выше 39с сухой кашель отек века увеличение лимфоузлов мышечная боль сыпь,трихинеллез
зуд гениталий боль во время полового акта желтые выделения из влагалища частое мочеиспускание боль во время мочеиспускания моча с кровью кровь в сперме выделения из уретры жжение при мочеиспускании,трихомониаз
синюшность цианоз боли в икрах расширение вен,тромбоз
повышение температуры до 38с боли в икрах расширение вен отеки ног,тромбофлебит
бледность кожи хрипы в груди слабость повышенное потоотделение повышенная усталость повышение температуры до 38с снижение массы тела снижение аппетита боли в грудной клетке апатия недомогание кашель с мокротой увеличение лимфоузлов кровохарканье,туберкулез
бессонница слабость озноб повышенное потоотделение повышение температуры до 38с снижение аппетита мышечная боль сонливость,туляремия
слезотечение покраснение глаз мушки точки перед глазами светобоязнь нечеткость зрения блики вспышки перед глазами боль в глазах искажение зрения радужные круги перед глазами снижение сумеречного зрения отечность конъюнктивы блефароспазм спазм век изменение цвета радужки повышение внутриглазного давления,увеит
угри камедоны черные точки,угревая сыпь
нарушение памяти апатия нарушение речи заторможенность отставание в развитии,умственная отсталость
боль внизу живота зуд гениталий боль в паху частое мочеиспускание боль во время мочеиспускания боль во время семяизвержения выделения из уретры боли в бедре жжение при мочеиспускании нарушения эрекции прозрачные выделения из влагалища боль в области заднего прохода,уреаплазмоз
частое мочеиспускание боль во время мочеиспускания выделения из уретры жжение при мочеиспускании,уретрит
сухость во рту боль при глотании сухой кашель першение в горле увеличение шейных лимфоузлов,фарингит
судороги а слабость отставание в развитии,фенилкетонурия
судороги а потеря сознания обморок синюшность цианоз отсутствие пульса отсутствие дыхания остановка сердца,фибрилляция и трепетание желудочков
слабость повышенная усталость сосудистые звездочки увеличение печени синяки частые инфекции,фиброз печени
боль во время полового акта сужение кольца крайней плоти,фимоз
синюшность цианоз слабость озноб боль внизу живота повышение температуры до 38с боль в паху отеки ног покраснение боли в нижних конечностях,флебит
озноб отеки повышение температуры выше 39с покраснение болезненность участка кожи,флегмона
пятна на зубной эмали разрушение зубной эмали меловидные пятна на зубах,флюороз
бессонница повышенное потоотделение сухость во рту чувство кома в горле страх кошмары холодные и влажные ладони паника,фобии
бледность кожи слабость повышенная усталость белый цвет ногтей ощущение сердцебиения яркокрасный цвет языка,фолиеводефицитная анемия
бледность кожи слабость повышение температуры до 3839с повышенная усталость снижение массы тела потеря аппетита анорексия увеличение лимфоузлов петехии точечные кровоизлияния ночное потение,фолликулярная неходжкинская лимфома
сыпь покраснение раздражение,фотоконтактный дерматит
покраснение гнойник и,фурункул
зуд в глазах отек века зуд века образование уплотнения на веке болезненность века,халязион
заеды потрескавшиеся губы красная кайма губ сухость губ жжение губ кровоточивость губ,хейлит
выделения с кровью боль внизу живота зуд гениталий выделения из влагалища бели боль во время полового акта боль в паху желтые выделения из влагалища частое мочеиспускание боль во время мочеиспускания моча с кровью кровь в сперме боль во время семяизвержения выделения из уретры жжение при мочеиспускании нарушения эрекции межменструальные кровотечения,хламидиоз
снижение артериального давления зуд озноб боль в подложечной области желтушность желтушность склер темный цвет мочи бесцветный кал боль в правом подреберье повышение температуры выше 39с проливной пот,холангит
рвота озноб повышение температуры до 3839с тошнота запор сухость во рту отрыжка вздутие живота метеоризм желтушность желтушность склер темный цвет мочи бесцветный кал боль в правом подреберье боль в правой половине грудной клетки боль под правой лопаткой боль в правом плече неутолимая жажда горечь во рту учащение сердцебиения тахикардия боль в пояснице боль в боку справа,холецистит
бесцельные движения непроизвольные движения,хорея
боль в области сердца кашель с мокротой одышка синюшность пальцев выпуклость ногтей,хроническая обструктивная легочная болезнь
бред сохраняющийся не менее 3 месяцев,хронические бредовые расстройства
тошнота отеки повышенная усталость снижение массы тела диарея вздутие живота мышечная слабость отставание в росте слабое телосложение повышенная возбудимость,целиакия
бугристость кожи,целлюлит
выделения с кровью боль внизу живота нерегулярный менструальный цикл раздражение в области гениталий выделения из влагалища бели боль во время полового акта боль во время мочеиспускания,цервицит
зуд отеки повышенная усталость снижение массы тела снижение аппетита метеоризм желтушность желтушность склер темный цвет мочи бесцветный кал боль в правом подреберье снижение полового влечения либидо сосудистые звездочки тяжесть в правом подреберье потеря аппетита анорексия носовые кровотечения кровоточивость десен покраснение ладоней пальцы в виде барабанных палочек белый цвет ногтей посинение вен живота,цирроз
боль внизу живота повышение температуры до 38с частое мочеиспускание боль во время мочеиспускания мутность мочи жжение при мочеиспускании,цистит
зуд сыпь расчесы чесоточные ходы на коже гнойные корочки гнойнокровянистые корочки,чесотка
бессонница депрессия страх рассеяность внимания гиперактивность подозрительность эмоциональная отрешенность мысли о суициде чувство вины возбужденное поведение быстрый темп речи патологическая отвлекаемость саморазрушительное поведение низкая потребность во сне,шизоаффективные расстройства
социальная изоляция магическое мышление странная речь подозрительность параноидальные идеи эмоциональная отрешенность нарушение восприятия внешнего мира нарушение восприятия самого себя иллюзии,шизотипическое расстройство
апатия галлюцинации бред навязчивые идеи безволие бедность эмоций бедность речи неспособность получать удовольствие социальная изоляция звучание или открытость мыслей окружающим разорванность речи и мыслей,шизофрения
боль во время ходьбы боль в пятке жжение в пятке,шпора
рвота тошнота слюнотечение отрыжка боль при глотании трудность при глотании боли во рту чувство кома в горле,эзофагит
выделения с кровью боль внизу живота нерегулярный менструальный цикл раздражение в области гениталий выделения из влагалища бели боль во время полового акта боль во время мочеиспускания,экзоцервицит
судороги а головная боль боль в подложечной области,эклампсия
нерегулярный менструальный цикл прозрачные выделения из влагалища,эктропион шейки матки
синюшность цианоз экспираторная одышка утруднен выдох снижение массы тела сухой кашель набухание шейных вен пыхтение бочкообразная грудная клетка,эмфизема
потеря аппетита анорексия сухой кашель кашель с мокротой одышка набухание шейных вен,эмфизема легких
удушье головная боль слабость отставание в росте трудность при глотании снижение интеллекта сухой кашель охриплость увеличение щитовидной железы одутловатость лица,эндемический зоб
озноб повышение температуры до 3839с повышенное потоотделение снижение массы тела повышение температуры выше 39с сухой кашель одышка боль в суставах петехии точечные кровоизлияния ночное потение кровотечение под ногтями,эндокардит
боль внизу живота боль во время полового акта бесплодие боль в тазу выделения мажущие,эндометриоз
слабость боль внизу живота повышенное потоотделение повышенная усталость повышение температуры до 38с боль в копчике боль в паху боли в пояснице желтые выделения из влагалища,эндометрит
головная боль слабость озноб повышение температуры до 3839с боль внизу живота снижение аппетита выделения слизистогнойного характера,эндомиометрит
выделения с кровью боль внизу живота нерегулярный менструальный цикл раздражение в области гениталий выделения из влагалища бели боль во время полового акта боль во время мочеиспускания,эндоцервицит
головная боль нарушение памяти тошнота головокружение сухость во рту вздутие живота снижение аппетита колики в животе зуд в заднем проходе,энтериоз
рвота повышение температуры до 3839с тошнота боль вверху живота снижение массы тела диарея белый налет на языке урчание в животе вздутие живота метеоризм зловонный кал полифекалия увеличение объема каловых масс потеря аппетита анорексия боли в области пупка желтозеленые каловые массы непереносимость молока,энтерит
зуд в носу боль внизу живота плаксивость тошнота повышенная усталость раздражительность снижение аппетита зуд в области ануса,энтеробиоз
слабость озноб повышение температуры до 3839с снижение аппетита апатия,энтеровирусные инфекции
бледность кожи рвота тошнота боль вверху живота снижение массы тела запор диарея отрыжка изжога урчание в животе вздутие живота снижение аппетита метеоризм боли в области пупка,энтероколит
слезотечение покраснение глаз снижение остроты зрения светобоязнь боль в глазах жжение в глазу песок в глазах раздражение глаз помутнение роговицы,энтропион заворот века
недержание мочи,энурез
судороги а головная боль тошнота повышение тонуса мышц ригидность повышение температуры выше 39с онемение светобоязнь сонливость паралич,энцефалит
рвота снижение остроты зрения тошнота головокружение боли в пояснице повышение тонуса мышц ригидность онемение нарушения координации тремор дрожание мышечная боль паралич непонятная речь боли в конечностях задержка мочи,энцефаломиелит
боль в тазу повышение температуры до 38с боль в паху боль во время мочеиспускания кровь в сперме отек мошонки боль во время семяизвержения боль в мошонке выделения из уретры отеки в области паха,эпидидимит
озноб повышение температуры выше 39с боль в яичке увеличение яичка покраснение мошонки отек мошонки боль в мошонке увеличение мошонки,эпидимоорхит
боли в плече боль при рукопожатии боль в локте боль в предплечье боль в запястье,эпикондилит
судороги а дезориентация галлюцинации страх светобоязнь звукобоязнь фонофобия блики вспышки перед глазами,эпилепсия
покраснение глаз отечность конъюнктивы узелковые образования в глазу,эписклерит
сыпь сыпь красного цвета,эритема
пятна на зубной эмали зубная боль,эрозия зубов
выделения с кровью нерегулярный менструальный цикл зуд гениталий выделения из влагалища бели боль во время полового акта,эрозия шейки матки
слабость снижение массы тела потеря аппетита анорексия,эхинококкоз
рвота отрыжка изжога боль под правой лопаткой боль при глотании боль за грудиной рвота с кровью боли в левой половине грудной клетки нарушение глотания боль в пищеводе кислый привкус во рту,язва пищевода
бессонница рвота боль в области сердца тошнота боль вверху живота боль в подложечной области повышенное потоотделение повышенная усталость снижение массы тела запор раздражительность изжога боли в области пупка боль за грудиной темный цвет рвотных масс черный стул примесь крови,язвенная болезнь
зуд в глазах отек века зуд века образование гнойной головки на веке,ячмень гордеолум
