disease,symptoms
абстинентное состояние,бессонница головная боль рвота вспыльчивость повышенное потоотделение раздражительность агрессия тремор дрожание ломота в теле одышка учащенное дыхание
абсцесс,повышение температуры до 3839с повышение температуры выше 39с гнойник и
аденоиды,насморк заложенность носа головная боль храп дыхание через рот гнусавость
аденома простаты предстательной железы,частое мочеиспускание ночью частое мочеиспускание слабый ток мочи при мочеиспускании мочеиспускание каплями чувство неполного опорожнения мочевого пузыря боль во время мочеиспускания мутность мочи моча с кровью утрудненное мочеиспускание
адентия,полное или частичное отсутствие зубного ряда
акромегалия,головная боль повышение артериального давления повышенное потоотделение боль в суставах деформация сустава повышение уровня глюкозы в крови гипергликемия огрубление черт лица увеличение кистей рук увеличение стоп
алкогольная болезнь печени,снижение артериального давления слабость рвота тошнота повышенная усталость снижение массы тела желтушность желтушность склер мышечная слабость снижение полового влечения либидо сосудистые звездочки покраснение ладоней пальцы в виде барабанных палочек боли в области пупка увеличение груди нарушения эрекции отечность околоушных слюнных желез синяки центральное ожирение низ живота округлость и увеличение ногтей ограничение подвижности ладони расширение вен брюшной стенки
аллергический контактный дерматит,зуд жжение волдыри белорозового или красного цвета отечность покраснение волдыри ь
амблиопия,снижение остроты зрения наклон или поворот головы при взгляде на предмет
амебиаз,слабость рвота боль внизу живота тошнота повышение температуры до 38с снижение массы тела диарея урчание в животе метеоризм ложные позывы к дефекации увеличение печени стул в виде малинового желе
аменорея,прекращение менструаций не связанное с беременностью нерегулярный менструальный цикл
амнезия,потеря счета времени потеря памяти
амнестический синдром,потеря памяти
анафилактический шок,удушье бледность кожи судороги а потеря сознания обморок снижение артериального давления синюшность цианоз непроизвольное мочеиспускание
андропауза,повышение артериального давления боль в области сердца повышенная усталость мышечная слабость утрудненное мочеиспускание боли в мочевом пузыре
аневризма,головная боль боль в области сердца
аномалии размеров и формы зубов,уменьшенный размер зубов увеличенный размер зубов аномалии формы зубов
аноргазмия,фригидность
анорексия,слабость прекращение менструаций не связанное с беременностью повышенная усталость снижение массы тела раздражительность снижение аппетита снижение полового влечения либидо потеря аппетита анорексия отказ от пищи рост пушистых волос на теле
аноректальный свищ,боль внизу живота боль в тазу зуд в заднем проходе боль во время дефекации зуд в области ануса рана в перианальной области боль в прямой кишке слизистогнойные выделения из перианальной области
аортальная недостаточность,потеря сознания обморок синюшность цианоз боль в области сердца головокружение боли в грудной клетке одышка ощущение сердцебиения пульсация сонных артерий пульсация зрачков
аортальный стеноз,потеря сознания обморок слабость головокружение учащение сердцебиения тахикардия боли в грудной клетке одышка ощущение сердцебиения
апластическая анемия,потеря сознания обморок слабость головокружение одышка
апноэ,остановка дыхательных движений
аппендицит,рвота повышение температуры до 3839с боль внизу живота тошнота боль вверху живота сухость во рту учащение сердцебиения тахикардия потеря аппетита анорексия боли в области пупка
аритмия сердца,потеря сознания обморок головокружение учащение сердцебиения тахикардия боли в грудной клетке одышка ощущение сердцебиения замедленное сердцебиение брадикардия
артериальная гипертензия,головная боль повышение артериального давления головокружение
артрит,боль в суставах покраснение сустава деформация сустава отек сустава
артроз остеоартроз,онемение боль в суставах покраснение сустава деформация сустава утренняя скованность в суставах боли в бедре боли в колене боли в кистях рук отек сустава боли в пальцах рук
аскаридоз,боль внизу живота тошнота повышение температуры до 38с снижение массы тела слюнотечение снижение аппетита сухой кашель зуд в области ануса
астигматизм,головная боль снижение остроты зрения нечеткость зрения боль в глазах искажение зрения усталость глаз
атеросклероз,бледность кожи бессонница повышение артериального давления нарушение памяти снижение остроты зрения головокружение повышенная усталость боли в пояснице боль за грудиной онемение боли в грудной клетке шум в ушах рассеяность внимания перемежающаяся хромота боль при ходьбе
атопический дерматит,зуд сыпь сыпь красного цвета сухость расчесы покраснение утолщение кожи
аутизм,социальная изоляция эмоциональная отрешенность бесцельные движения ритуальное поведение аутоагрессия потребность в однообразии неулыбчивость погружение в себя скудность мимики и жестикуляции
ахалазия пищевода,тошнота снижение массы тела слюнотечение отрыжка изжога боль за грудиной боли в грудной клетке нарушение глотания срыгивание
баланит,боль во время мочеиспускания выделения из уретры язвы в области гениталий боль во время ходьбы зуд головки полового члена жжение головки полового члена покраснение головки полового члена увеличение лимфатических узлов в паху
баланопостит,зуд головки полового члена жжение головки полового члена отек крайней плоти покраснение головки полового члена
бартолинит,повышение температуры до 3839с боль во время полового акта боль во время ходьбы припухлость большой половой губы
бедренная грыжа,рвота тошнота боль в паху запор икота метеоризм боли в бедре выпячивание в паховобедренной складке
бессонница,трудности с засыпанием неудовлетворительное качество сна
бешенство,бессонница повышение температуры до 38с слюнотечение агрессия нарушение поведения галлюцинации страх бред паралич гиперактивность водобоязнь воздухобоязнь аэрофобия
биполярное аффективное расстройство маниакальнодепрессивный психоз,бессонница потеря аппетита анорексия эйфория заторможенность мысли о суициде чувство вины возбужденное поведение быстрый темп речи патологическая отвлекаемость замедленная речь ступор бессвязная речь
блефарит,усталость глаз песок в глазах зуд века жжение века тяжесть век
близорукость миопия,головная боль снижение остроты зрения усталость глаз снижение зрения вдаль прищуривание
болезнь аддисона,судороги а снижение артериального давления рвота жажда нерегулярный менструальный цикл депрессия вспыльчивость тошнота боль вверху живота повышенная усталость снижение массы тела диарея раздражительность снижение аппетита учащение сердцебиения тахикардия мышечная слабость потеря аппетита анорексия трудность при глотании онемение тремор дрожание нарушения эрекции полиурия увеличение суточного объема мочи пятна на коже после пребывания на солнце тяга к кислому и соленому снижение уровня глюкозы в крови
болезнь альцгеймера,нарушение памяти плаксивость апатия агрессия нарушения координации нарушение речи нарушение поведения нарушение движения забывчивость трудности с запоминанием недержание мочи дезориентация галлюцинации
болезнь бехтерева анкилозирующий спондилит,снижение остроты зрения боли в пояснице боли в спине боль в шее скованность движений боль в суставах боли в бедре отек сустава боль в позвоночнике деформация позвоночника деформация позвоночника боли в ягодице
болезнь иценкокушинга,повышение артериального давления нерегулярный менструальный цикл депрессия гирсутизм рост волос по мужскому типу мышечная слабость снижение полового влечения либидо эйфория нарушения эрекции повышение уровня глюкозы в крови гипергликемия стрии растяжки частые переломы лунообразное лицо ожирение верхней половины тела лицо багровокрасного цвета
болезнь кошачьих царапин фелиноз,слезотечение покраснение глаз головная боль слабость повышение температуры до 3839с увеличение лимфоузлов в подмышечной впадине снижение аппетита ломота в теле увеличение шейных лимфоузлов увеличение подчелюстных лимфоузлов увеличение лимфоузлов сыпь увеличение околоушных лимфоузлов
болезнь крона,рвота повышение температуры до 3839с тошнота боль вверху живота повышенная усталость снижение массы тела диарея вздутие живота потеря аппетита анорексия
болезнь лайма,слабость
болезнь меньера,снижение артериального давления рвота тошнота головокружение нарушения координации шум в ушах снижение слуха нарушение равновесия
болезнь паркинсона,бессонница депрессия повышенное потоотделение повышенная усталость слюнотечение повышение тонуса мышц ригидность сутулость нарушения координации нарушение движения дезориентация тремор дрожание кукольная походка мелкими шагами маскообразное лицо поза просителя туловище опережает ноги страх
болезнь хантингтона,нарушение памяти депрессия трудность при глотании апатия агрессия нарушения координации навязчивые идеи паника бесцельные движения непонятная речь непроизвольные движения мельтешение зрачков гиперсексуальность проблемы с контролем осанки
болезнь ходжкина лимфогранулематоз,бледность кожи слабость повышение температуры до 3839с повышенная усталость снижение массы тела потеря аппетита анорексия увеличение лимфоузлов петехии точечные кровоизлияния ночное потение
боль в груди мастодиния,боль в молочной железе
боль в спине дорсалгия,боли в спине онемение скованность движений стреляющая боль в спине боль в позвоночнике боли в конечностях боль при повороте туловища напряжение мышц спины
боль в шее цервикалгия,головокружение боль в шее малоподвижность головы боль в затылке
ботулизм,рвота снижение остроты зрения диарея сухость во рту колики в животе учащение сердцебиения тахикардия одышка нарушение дыхания
бронхиальная астма,удушье тяжесть в грудной клетке свистящее дыхание хрипы в груди приступообразный кашель экспираторная одышка утруднен выдох
бронхиолит,синюшность цианоз хрипы в груди слабость повышение температуры до 38с сухой кашель одышка нарушение дыхания выпуклость ногтей
бронхит,удушье озноб повышенное потоотделение повышение температуры до 38с боли в грудной клетке сухой кашель кашель с мокротой одышка
бруцеллез,бессонница головная боль слабость раздражительность снижение аппетита повышение температуры выше 39с увеличение лимфоузлов
булимия,ночные приступы голода приступообразное переедание постоянное чувство голода собственноручное вызывание рвоты
бурсит,боль в суставах покраснение сустава отек сустава ограничение подвижности сустава локальное повышение температуры
вагинит,зуд гениталий выделения из влагалища бели боль во время полового акта боль во время мочеиспускания прозрачные выделения из влагалища
варикоз,нарушение чувствительности онемение расширение вен отеки ног судороги икроножных мышц боли в нижних конечностях трофические язвы голени и стоп тяжесть в ногах
варикоцеле,бесплодие боль в мошонке уменьшение яичка тяжесть в мошонке
везикулит,озноб боль в паху повышение температуры выше 39с преждевременное семяизвержение частое мочеиспускание боль в промежности кровь в сперме боль во время семяизвержения выделения из уретры боль в прямой кишке
венозная недостаточность,отеки ног сухость судороги икроножных мышц пигментация боли в нижних конечностях трофические язвы голени и стоп
ветрянка ветряная оспа,зуд повышение температуры до 3839с сыпь
вирус папилломы человека впч,бородавки кондиломы
вирусные бородавки,бородавки
вирусный менингит,головная боль слабость рвота тошнота диарея повышение тонуса мышц ригидность повышение температуры выше 39с потеря аппетита анорексия мышечная боль
витаминв12дефицитная анемия,слабость депрессия повышенная усталость онемение снижение интеллекта яркокрасный цвет языка лакированный язык
витилиго,нарушение чувствительности белые пятна на коже обесцвечивание волос гусиная кожа
волчья пасть,расщепление неба раздвоение язычка
воспаление седалищного нерва ишиас,онемение боль в стопе боли в бедре стреляющая боль в ноге боли в ягодице
вросший ноготь,болезненность ногтя отечность пальца гноетечение изпод ногтя рана по краю ногтя
вторичный паркинсонизм,повышение тонуса мышц ригидность сутулость дезориентация тремор дрожание кукольная походка мелкими шагами маскообразное лицо поза просителя туловище опережает ноги заторможенность непонятная речь
вульвит,зуд гениталий выделения из влагалища бели боль во время полового акта желтые выделения из влагалища прозрачные выделения из влагалища
вульвовагинит,боль внизу живота зуд гениталий раздражение в области гениталий боль во время полового акта боль во время мочеиспускания зеленоватые влагалищные выделения пенистые влагалищные выделения влагалищные выделения с рыбным запахом
вывих сустава,боль в суставах деформация сустава отек сустава кровоподтеки ограничение подвижности сустава
вывих хрусталика,дрожание радужки иридодонез
выпадение матки и влагалища,боль внизу живота боль во время полового акта боли в пояснице запор боль во время мочеиспускания случайное мочеиспускание
гайморит,бессонница насморк заложенность носа головная боль повышенная усталость повышение температуры до 38с гнусавость недомогание боль в пазухах носа боль в глазах
галакторея,снижение остроты зрения нерегулярный менструальный цикл гирсутизм рост волос по мужскому типу угри камедоны черные точки снижение полового влечения либидо увеличение груди нарушения эрекции сухость слизистой влагалища
гастрит,бледность кожи слабость рвота тошнота повышенное потоотделение снижение массы тела запор диарея раздражительность боль в желудке белый налет на языке слюнотечение сухость во рту тяжесть распирание желудка отрыжка изжога неприятный привкус урчание в животе вздутие живота икота
гастродуоденит,бледность кожи бессонница рвота тошнота боль вверху живота снижение массы тела запор диарея тяжесть отрыжка снижение аппетита желтый налет на языке
гастроэзофагеальная рефлюксная болезнь гэрб,рвота тошнота слюнотечение отрыжка изжога вздутие живота боль за грудиной боль в шее охриплость неприятный запах изо рта боль в горле кариес боли в левой половине грудной клетки боль в пищеводе
гастроэнтероколит,рвота боль в подложечной области диарея отрыжка изжога урчание в животе вздутие живота
гемангиома,краснобагровые наросты на коже
гемолитическая анемия,судороги а слабость головокружение повышение температуры до 38с одышка увеличение печени
геморрой,боль после опорожнения кишечника шишки кал с кровью зуд в заднем проходе кровотечение боль во время дефекации
гемофилия,носовые кровотечения моча с кровью боль в суставах кровоподтеки синяки
генерализованное тревожное расстройство,бледность кожи бессонница повышение артериального давления бесплодие повышенное потоотделение учащение сердцебиения тахикардия тремор дрожание страх рассеяность внимания холодные и влажные ладони
генитальный герпес,зуд гениталий жжение при мочеиспускании язвы в области гениталий сыпь в области гениталий
гепатит g,слабость рвота тошнота повышенная усталость повышение температуры до 38с желтушность желтушность склер темный цвет мочи бесцветный кал боль в правом подреберье увеличение печени
гепатит а,зуд головная боль слабость рвота повышение температуры до 3839с тошнота запор снижение аппетита метеоризм желтушность желтушность склер темный цвет мочи бесцветный кал боль в правом подреберье горечь во рту недомогание неприятный запах изо рта увеличение печени
гепатит в,слабость рвота тошнота запор отрыжка вздутие живота метеоризм желтушность желтушность склер темный цвет мочи бесцветный кал боль в правом подреберье непереносимость жирной пищи горечь во рту сосудистые звездочки потеря аппетита анорексия носовые кровотечения покраснение ладоней неприятный запах изо рта увеличение печени стрии растяжки петехии точечные кровоизлияния отвращение к пищи
гепатит е,рвота тошнота боль вверху живота повышение температуры до 38с желтушность желтушность склер темный цвет мочи бесцветный кал боль в правом подреберье потеря аппетита анорексия увеличение печени
гепатит с,рвота тошнота боль вверху живота повышенная усталость повышение температуры до 38с желтушность желтушность склер темный цвет мочи бесцветный кал боль в правом подреберье потеря аппетита анорексия боль в суставах увеличение печени
герпес,зуд в носу повышение температуры до 38с зуд десен сыпь на губах зуд в области губ
гестоз,судороги а бессонница головная боль рвота повышение артериального давления повышение массы тела нарушение памяти выделения с кровью снижение остроты зрения отечность жажда белок в моче
гидраденит,зуд отечность полушаровидные узелки покраснение уплотнения е под кожей гноетечение болезненность участка кожи
гидронефроз,слабость повышение артериального давления озноб отеки боли в пояснице повышение температуры выше 39с моча с кровью уменьшение объема мочи уплотнение в брюшной полости
гидроцеле,бесплодие увеличение мошонки нарушение полового акта нарушение мочеиспускания
гидроцефалия,судороги а рвота увеличение окружности головы деформация черепа выбухание родничка частое запрокидывание головы слепота смещение глазных яблок
гингивит,кровоточивость десен зуд десен покраснение десен неприятный запах изо рта
гинекомастия,увеличение груди тяжесть в грудных железах зуд в грудных железах
гиперальдестеронизм,судороги а головная боль повышение артериального давления жажда мышечная слабость частое мочеиспускание ночью онемение повышение уровня глюкозы в крови гипергликемия
гиперкинетические расстройства,гиперактивность непродуктивная активность безрассудное поведение
гиперпаратиреоз,бессонница слабость повышение артериального давления нарушение памяти депрессия плаксивость тошнота боль вверху живота снижение массы тела запор раздражительность неутолимая жажда потеря аппетита анорексия боль в стопе апатия нарушение поведения полиурия увеличение суточного объема мочи выпадение зубов
гиперплазия эндометрия,маточные кровотечения межменструальные кровотечения обильные менструальные кровотечения
гиперпролактинемия,прекращение менструаций не связанное с беременностью задержка менструаций бесплодие снижение полового влечения либидо увеличение груди нарушения эрекции выделение молока из молочных желез
гипертиреоз,бессонница повышение артериального давления нерегулярный менструальный цикл плаксивость боль вверху живота повышенное потоотделение снижение массы тела запор диарея раздражительность желтушность мышечная слабость тремор дрожание усиленное сердцебиение нарушения эрекции повышение аппетита повышение уровня глюкозы в крови гипергликемия увеличение щитовидной железы тонкие волосы
гипертрофия миндалин,приступообразный кашель нарушение дыхания нарушение глотания частые инфекции
гипертрофия молочной железы,увеличение груди
гиперфункция яичек,увеличение яичка увеличение полового влечения
гипопаратиреоз,бледность кожи судороги а бессонница рвота нарушение памяти головокружение повышенное потоотделение нарушение чувствительности учащение сердцебиения тахикардия шум в ушах ухудшение ночного сумеречного зрения сыпь сухость ухудшение интеллекта снижение слуха ломкость ногтей кариес
гипопигментация кожи,обесцвечивание кожи
гипоспадия,нарушение мочеиспускания
гипотензия,бледность кожи головная боль слабость тошнота головокружение повышенное потоотделение раздражительность учащение сердцебиения тахикардия одышка рассеяность внимания сонливость склонность к укачиванию холодные кисти рук холодные стопы чувствительность к смене погоды вялость по утрам чувствительность к смене климатических условий
гипотиреоз,снижение артериального давления бессонница заложенность носа повышение массы тела нарушение памяти нерегулярный менструальный цикл отеки выпадение волос снижение аппетита боль за грудиной ломота в теле охриплость отек века одышка замедленное сердцебиение брадикардия мышечная боль тонкие волосы заторможенность понижение температуры непереносимость холода сухость одутловатость лица расслоение ногтевой пластины
гипотония глаза,снижение остроты зрения повышение внутриглазного давления уменьшение глазного яблока уменьшение глаза
гипофункция яичек гипогонадизм,снижение полового влечения либидо отсутствие семяизвержения нарушения эрекции отсутствие волос на лице высокий женский тембр голоса малоразвитые половые органы худощавое телосложение непропорциональное телосложение
глаукома,боль в глазах затуманивание зрения радужные круги перед глазами боль в висках
гломерулонефрит,рвота повышение артериального давления отеки боль вверху живота боли в пояснице боль в желудке уменьшение объема мочи моча цвета мясных помоев
глоссит,белый налет на языке слюнотечение сухость во рту яркокрасный цвет языка сухость языка пощипывание языка лакированный язык непонятная речь понижение вкусовой чувствительности ощущение инородного тела складки на поверхности языка слущивание эпителия языка увеличение языка болезненность языка
головокружение,нарушение равновесия иллюзия движения при повороте головы
гонартроз артроз коленного сустава,боли в колене атрофия мышц бедра скованность движений в колене хруст в колене отек колена деформация колена
гонорея триппер,выделения с кровью боль внизу живота желтые выделения из влагалища боль во время мочеиспускания выделения из уретры жжение при мочеиспускании межменструальные кровотечения
грибок кожи дерматофития,розовые пятна на коже круглой или овальной формы
грипп,головная боль слабость озноб повышенная усталость сухость во рту повышение температуры выше 39с ломота в теле сухой кашель
грыжа передней брюшной стенки,боль внизу живота боль вверху живота выпячивание в области брюшной стенки
дакриоцистит,слезотечение покраснение глаз боль в глазах отек века уплотнение слезного мешка гнойные выделения из слезного мешка
дальнозоркость гиперметропия,головная боль снижение остроты зрения усталость глаз снижение зрения вблизи
дальтонизм ахроматопсия,снижение остроты зрения
дегенерация роговицы,слезотечение покраснение глаз снижение остроты зрения светобоязнь боль в глазах песок в глазах помутнение роговицы
делирий,дезориентация галлюцинации бред
деменция,нарушение памяти нарушения координации нарушение речи нарушение поведения нарушение движения забывчивость трудности с запоминанием дезориентация потеря счета времени
депрессия,бессонница боль в области сердца повышенная усталость запор раздражительность снижение аппетита апатия нарушение поведения
дерматит,зуд жжение шелушение кожи сыпь покраснение утолщение кожи
дерматополимиозит,мышечная слабость учащенное дыхание ограничение подвижности сустава лиловокрасная сыпь на веках лиловокрасная сыпь по типу шали слабость мышц плеча слабость мышц шеи слабость мышц таза
детская розеола,повышение температуры до 3839с увеличение подчелюстных лимфоузлов сыпь
детский церебральный паралич,судороги а снижение остроты зрения повышение тонуса мышц ригидность недержание мочи снижение слуха кариес отставание в развитии бесцельные движения непонятная речь непроизвольные движения нарушение глотания тугоподвижность суставов перекрещение ног перекос таза глухота косоглазие неконтролируемая дефекация укорочение конечности отсутствие интереса к игрушкам сохранение врожденных рефлексов у ребенка
деформирующий спондилез,головная боль снижение остроты зрения головокружение скованность движений перемежающаяся хромота боль при ходьбе боли в бедре боль в позвоночнике стреляющая боль в ноге
диабетическая ретинопатия,снижение остроты зрения пелена перед глазами плавающие пятна перед глазами
диафрагмальная грыжа,боль вверху живота отрыжка изжога боль в правом подреберье боль в левом подреберье боли в грудной клетке одышка бульканье в грудной клетке
дизентерия шигеллез,головная боль рвота озноб повышение температуры до 3839с боль внизу живота тошнота белый налет на языке снижение аппетита зловонный кал ломота в теле стул зеленого цвета ложные позывы к дефекации
дисбактериоз,диарея урчание в животе вздутие живота снижение аппетита метеоризм
дискинезия пищевода,отрыжка боль при глотании боль за грудиной боли в грудной клетке нарушение глотания боль в пищеводе жжение за грудиной
дисменорея,удушье головная боль слабость боль внизу живота тошнота
диспепсия,тошнота боль в подложечной области распирание желудка тяжесть в подложечной области
дисплазия тазобедренных суставов,дополнительная складка ассиметрия ягодиц укорочение бедра
диссоциативные конверсионные расстройства,нарушение восприятия самого себя расщепление личности внезапная амнезия
дисфункция яичников,прекращение менструаций не связанное с беременностью боль внизу живота нерегулярный менструальный цикл болезненные менструации маточные кровотечения бесплодие межменструальные кровотечения невынашивание беременности
дисциркуляторная энцефалопатия,бессонница головная боль нарушение памяти депрессия головокружение раздражительность шум рассеяность внимания
диффузная неходжкинская лимфома,бледность кожи слабость повышение температуры до 3839с повышенная усталость снижение массы тела потеря аппетита анорексия увеличение лимфоузлов петехии точечные кровоизлияния ночное потение
дуоденит,рвота тошнота боль вверху живота запор диарея боль в желудке распирание желудка отрыжка изжога снижение аппетита боль в правом подреберье боль в левом подреберье горечь во рту
дыхательная недостаточность,бледность кожи потеря сознания обморок снижение артериального давления синюшность цианоз бессонница головная боль нарушение памяти тошнота учащение сердцебиения тахикардия одышка сонливость бочкообразная грудная клетка
железодефицитная анемия,слабость шелушение кожи трещины на коже деформация ногтей выпадение волос снижение аппетита мышечная слабость трудность при глотании чувство кома в горле тонкие волосы сухость расслоение ногтевой пластины сухость языка извращение вкуса пощипывание языка ломкость волос зеленоватый цвет кожи ложкообразная фора ногтей
желтая лихорадка,головная боль рвота отечность жажда тошнота повышение температуры выше 39с учащение сердцебиения тахикардия стреляющая боль в спине яркокрасный цвет языка сухость языка рвота с кровью стреляющая боль в ноге
желтуха,желтушность желтушность склер темный цвет мочи бесцветный кал
желчекаменная болезнь,тошнота боль в подложечной области повышенное потоотделение запор отрыжка вздутие живота метеоризм желтушность желтушность склер боль в правом подреберье непереносимость жирной пищи боль в правой половине грудной клетки тяжесть в подложечной области боль под правой лопаткой боль в правом плече
женское бесплодие,невозможность зачатия в течение года прекращение менструаций не связанное с беременностью
жировой гепатоз печени,рвота снижение остроты зрения тошнота выпадение волос сухость во рту боль в правом подреберье тяжесть в правом подреберье сухость увеличение печени ранняя седина
заворот кишок,рвота повышение температуры до 3839с боль внизу живота тошнота боль вверху живота запор сухость во рту кал с кровью
заикание запинание,страх речи неестественное растягивание звуков повторение отдельных звуков повторение отдельных слогов повторение отдельных фраз прерывистость речи
заячья губа,дефект губ
зубной камень,кровоточивость десен зуд десен неприятный запах изо рта пятна на зубной эмали
игромания,депрессия мысли о суициде зависимость от азартных игр
иерсиниоз псевдотуберкулез,головная боль рвота повышение температуры до 3839с диарея сухой кашель разлитая боль в животе
импактные зубы,кривизна зубного ряда
импетиго,красные пятна о сыпь сыпь красного цвета язвочки на коже корочки медового цвета
импотенция эректильная дисфункция,бесплодие нарушения эрекции отсутсвие эрекции
инсульт,судороги а потеря сознания обморок головная боль рвота тошнота головокружение мышечная слабость нарушения координации нарушение речи дезориентация тремор дрожание снижение интеллекта нарушение тактильной чувствительности нарушение дыхания паралич мельтешение зрачков слепота нарушение чтения покраснение
инфаркт мозга,потеря сознания обморок головная боль рвота тошнота головокружение повышенное потоотделение сухость во рту нарушение речи дезориентация боль в глазах ощущение сердцебиения сонливость паралич неспособность ходить глухота слепота
инфекционный мононуклеоз,слабость повышение температуры до 38с боль в горле увеличение лимфоузлов
иридоциклит,слезотечение покраснение глаз снижение остроты зрения светобоязнь боль в глазах боль в висках пелена перед глазами сужение или изменение формы зрачка изменение цвета радужки
ихтиоз,шелушение кожи тонкие волосы сухость расслоение ногтевой пластины ломкость ногтей покраснение чешуйчатость кожи шершавость
карбункул,повышение температуры выше 39с багровосиний цвет кожи рана на коже уплотнения е под кожей гноетечение
кардиомиопатии,потеря сознания обморок головокружение повышенная усталость учащение сердцебиения тахикардия тяжесть в правом подреберье боль за грудиной одышка отеки ног неритмичное сердцебиение
кариес,пятна на зубной эмали зубная боль
катаплексия,мышечная слабость кошмары сонный паралич
катаракта,мушки точки перед глазами нечеткость зрения блики вспышки перед глазами радужные круги перед глазами снижение зрения вдаль двоение в глазах ухудшение ночного сумеречного зрения
каузалгия,отеки повышенное потоотделение жгучая трудно локализуемая боль в конечностях уменьшение боли от холодной воды усиление боли при воздействии раздражителей тугоподвижность суставов
келоидный рубец,зуд рубцы
кератит,слезотечение покраснение глаз светобоязнь боль в глазах песок в глазах обильные выделения из глаз помутнение роговицы рези в глазах гнойные выделения из слезного мешка блефароспазм спазм век снижение чувствительности роговицы сужение или изменение формы зрачка изменение цвета глазного яблока
кератоз,трещины на коже бородавки утолщение кожи чешуйчатость кожи
киста желтого тела,повышение температуры до 3839с увеличение нагрубание молочной железы нерегулярный менструальный цикл маточные кровотечения тошнота боль во время полового акта вздутие живота чувство неполного опорожнения мочевого пузыря
киста поджелудочной железы,тяжесть желтушность склер
киста почки,повышение артериального давления озноб боли в пояснице повышение температуры выше 39с моча с кровью
киста яичника,боль внизу живота задержка менструаций нерегулярный менструальный цикл болезненные менструации
кифоз,боли в спине боль в шее онемение боли в грудной клетке боли в мышцах живота
кишечные спайки,рвота боль внизу живота тошнота боль вверху живота запор вздутие живота боли в области пупка
клептомания,эйфория навязчивые мысли обессии
климакс менопауза,повышение артериального давления нерегулярный менструальный цикл депрессия плаксивость приливы вспыльчивость маточные кровотечения боль в области сердца гирсутизм рост волос по мужскому типу
коксартроз артроз тазобедренного сустава,боль в паху укорочение бедра боли в бедре укорочение конечности хруст боль в тазобедренном суставе атрофия мышц бедра скованность движений в тазу
колит,слабость снижение массы тела диарея урчание в животе вздутие живота зловонный кал колики в животе
кондиломы влагалища,зуд гениталий раздражение в области гениталий
контагиозный моллюск,полушаровидные узелки
контрактура сустава,тугоподвижность суставов ограничение подвижности сустава
конъюнктивит,зуд в глазах слезотечение покраснение глаз отек века жжение в глазу песок в глазах обильные выделения из глаз
коронарный тромбоз,удушье бледность кожи боль в области сердца
корь,насморк зуд в глазах слезотечение покраснение глаз повышение температуры выше 39с сухой кашель отек века сыпь
косоглазие,двоение в глазах нессиметричное положение глаз зрачков расхождение зрачков прищуривание
крапивница,зуд жжение волдыри белорозового или красного цвета
красная волчанка,повышение артериального давления боль в области сердца отеки выпадение волос сосудистые звездочки покалывание в пальцах рук сухой кашель язвы а одышка расширение вен боль в суставах утренняя скованность в суставах сухость ломкость ногтей покраснение синюшность пальцев красная кайма губ чешуйчатость кожи рубцы покраснение на лице в виде бабочки мешки вокруг глаз
краснуха,насморк повышение температуры до 3839с боль в горле увеличение лимфоузлов сыпь красного цвета
кривошея,искривление дуги позвоночника ассиметрия лица ассиметрия плеч малоподвижность головы наклон головы в одну сторону
ладонный фиброматоз дюпюитрена,боли в пальцах рук
ларингит,повышение температуры до 38с сухость во рту боль при глотании сухой кашель охриплость першение в горле
ларинготрахеит,насморк повышение температуры до 3839с сухой кашель охриплость першение в горле боль в горле увеличение лимфоузлов приступообразная боль в груди боль в лимфоузлах
легочная гипертензия,потеря сознания обморок слабость боль в области сердца повышенная усталость сухой кашель охриплость одышка кровохарканье отеки ног
легочный отек,удушье снижение артериального давления синюшность цианоз слабость головокружение учащение сердцебиения тахикардия боли в грудной клетке кашель с мокротой одышка холодный пот учащенное дыхание
лейкемия,бледность кожи бессонница слабость нарушение памяти повышенная усталость повышение температуры до 38с носовые кровотечения увеличение лимфоузлов кровоподтеки темные круги под глазами
лейкоз,бледность кожи слабость повышение температуры до 3839с снижение массы тела потеря аппетита анорексия носовые кровотечения кровоподтеки петехии точечные кровоизлияния ночное потение синяки тяжесть в левом подреберье
лейкоплакия шейки матки,выделения с кровью боль во время полового акта
лептоспироз,снижение артериального давления хрипы в груди отек лица покраснение глаз головная боль рвота повышение температуры до 3839с боль внизу живота боль вверху живота вздутие живота снижение аппетита желтушность желтушность склер учащение сердцебиения тахикардия носовые кровотечения кровоточивость десен боли в грудной клетке сухой кашель отек века мышечная боль уменьшение объема мочи серый налет моча красного цвета кровяная сыпь на коже геморрагии
лимфома,зуд слабость увеличение лимфоузлов в подмышечной впадине повышение температуры до 38с боли в пояснице снижение массы тела проливной пот сухой кашель увеличение шейных лимфоузлов одышка увеличение лимфоузлов
линии бо,поперечная исчерченность ногтей
лобковый педикулез фтириоз,зуд зуд гениталий шелушение кожи сыпь в области гениталий голубые пятна на коже
лордоз,боли в спине выпирание живота выдвижение плечей вперед раздвинутые коленные суставы
лямблиоз,повышение температуры до 3839с тошнота боль вверху живота диарея снижение аппетита боли в области пупка сыпь жировые включения в кале
малярия,головная боль рвота озноб повышение температуры выше 39с ломота в теле боль в суставах
мастит,озноб повышение температуры до 3839с застой молока отек молочной железы покраснение молочной железы увеличение нагрубание молочной железы боль в молочной железе увеличение лимфоузлов в подмышечной впадине
мастоидит,головная боль повышение температуры до 38с боль в ухе гнойные выделения из уха шум в ушах снижение слуха
мастопатия фибрознокистозная болезнь молочной железы,увеличение нагрубание молочной железы боль в молочной железе увеличение лимфоузлов в подмышечной впадине тяжесть в грудных железах выделения из соска уплотнения в груди
менингит,судороги а потеря сознания обморок бессонница головная боль рвота повышение тонуса мышц ригидность повышение температуры выше 39с галлюцинации светобоязнь звукобоязнь фонофобия бред
менингококковая инфекция,головная боль рвота озноб тошнота повышение температуры выше 39с сыпь
мерцательная аритмия,удушье потеря сознания обморок снижение артериального давления слабость головокружение учащение сердцебиения тахикардия боли в грудной клетке страх одышка неритмичное сердцебиение потемнение в глазах
миалгия,мышечная боль боль в мышцах
миастения,повышенная усталость слюнотечение мышечная слабость нарушение движения гнусавость двоение в глазах нарушение дыхания опущение века нарушение глотания изменение выражения лица нарушение жевания
мигрень,головная боль рвота тошнота головокружение раздражительность дезориентация приступообразная головная боль светобоязнь звукобоязнь фонофобия отвращение к запахам
микоплазмоз,бесплодие боль в паху боль во время мочеиспускания утрудненное мочеиспускание боль в яичке выделения из уретры жжение при мочеиспускании выделения слизистогнойного характера
миозит,головная боль слабость повышенное потоотделение повышение температуры до 38с боли в спине боль в шее боль в мышцах боль в мышцах рук боль в мышцах ног боль в мышцах спины
миокардит,снижение артериального давления повышение температуры до 38с учащение сердцебиения тахикардия боль за грудиной боли в грудной клетке одышка замедленное сердцебиение брадикардия неритмичное сердцебиение
миома матки,боль во время полового акта бесплодие боль в тазу частое мочеиспускание чувство неполного опорожнения мочевого пузыря недержание мочи обильные менструальные кровотечения
миометрит,головная боль слабость озноб боль внизу живота нерегулярный менструальный цикл маточные кровотечения повышение температуры до 38с снижение аппетита выделения слизистогнойного характера
миопатия,мышечная слабость искривление дуги позвоночника нарушение дыхания нарушение глотания атрофия мышц неспособность ходить
митральная недостаточность,повышенная усталость недомогание одышка ощущение сердцебиения ночная одышка
многоводие,повышение артериального давления боли в пояснице тяжесть внизу живота боли в промежности
молочница кандидоз,зуд гениталий раздражение в области гениталий выделения из влагалища бели боль во время полового акта жжение при мочеиспускании сыпь в области гениталий белый налет
мочекаменная болезнь,боль внизу живота боль в паху боли в пояснице частое мочеиспускание боль во время мочеиспускания мутность мочи моча с кровью жжение при мочеиспускании
мужское бесплодие,невозможность зачатия на протяжении года и более
муковисцидоз,бессонница рвота запор диарея вздутие живота кашель с мокротой одышка
мутизм,нарушение речи отсутствие спонтанной и ответной речи
нарколепсия,бессонница мышечная слабость галлюцинации сонливость кошмары внезапный сон спонтанное засыпание сонный паралич
нарушение семяизвержения,преждевременное семяизвержение задержка семяизвержения отсутствие семяизвержения
насморк ринит,зуд в носу насморк чиханье заложенность носа слезотечение ослабление обоняния нюха недомогание
неврастения,бессонница головная боль слабость плаксивость вспыльчивость повышенная усталость раздражительность повышенная возбудимость апатия рассеяность внимания
неврит зрительного нерва,мушки точки перед глазами ухудшение искажение цветового восприятия боль в глазах плавающие пятна перед глазами молниеносное снижение остроты зрения усиление симптомов после принятия ванны
неврит лицевого нерва,слезотечение нарушение чувствительности слюнотечение боль в ухе снижение слуха непроизвольные сокращения мышц ассиметрия лица
невропатия,мышечная слабость онемение нарушения координации одеревенение ног зуд в стопе жжение в стопе
недиабетическая гипогликемическая кома,бледность кожи судороги а потеря сознания обморок слабость повышение массы тела повышенное потоотделение учащение сердцебиения тахикардия онемение нарушение речи дезориентация тремор дрожание страх двоение в глазах голод
недостаточность витамина а,шелушение кожи ухудшение ночного сумеречного зрения сухость ломкость волос сухость глаз поперечная исчерченность ногтей снижение сумеречного зрения
недостаточность витамина в1,бессонница рвота тошнота боль вверху живота мышечная слабость онемение забывчивость рассеяность внимания боли в икрах сухость языка зябкость ослабление сухожильных рефлексов
недостаточность витамина в2 рибофлавина,шелушение кожи онемение яркокрасный цвет языка сухость языка заеды
недостаточность клапана легочной артерии,синюшность цианоз слабость вздутие живота боль в правом подреберье учащение сердцебиения тахикардия тяжесть в правом подреберье одышка отеки ног
недостаточность никотиновой кислоты пеллагра,диарея снижение интеллекта сыпь сухость языка
недостаточность трехстворчатого клапана,синюшность цианоз боль в правом подреберье отеки ног набухание шейных вен пульсация сонных артерий
нейроциркуляторная дистония,слабость отечность боль в области сердца
непроизвольное мочеиспускание,непроизвольное мочеиспускание недержание мочи
несахарный диабет,головная боль рвота снижение остроты зрения тошнота неутолимая жажда частое мочеиспускание
нетоксический зоб,увеличение щитовидной железы
низкорослость карликовость,отставание в росте
нистагм,тошнота головокружение нарушения координации
облитерирующий тромбангиит,бледность кожи жжение онемение перемежающаяся хромота боль при ходьбе боли в икрах покраснение синюшность пальцев кровоизлияния е
облысение алопеция,выпадение волос
обсессивнокомпульсивное расстройство,навязчивые мысли обессии навязчивые действия компульсии
ожирение,бессонница головная боль повышение артериального давления повышение массы тела нерегулярный менструальный цикл бесплодие боли в пояснице запор учащение сердцебиения тахикардия одышка боль в суставах нарушения эрекции повышение аппетита повышение уровня глюкозы в крови гипергликемия чрезмерный рост волос на теле гипертрихоз
окклюзии сосудов сетчатки,блики вспышки перед глазами молниеносное снижение остроты зрения
оофорит,боль внизу живота нерегулярный менструальный цикл выделения из влагалища бели боль во время полового акта повышение температуры до 38с боль во время мочеиспускания межменструальные кровотечения
описторхоз,зуд тошнота диарея снижение аппетита повышение температуры выше 39с боль в суставах
опоясывающий лишай,зуд повышение температуры до 3839с пузырчатая болезненная сыпь
орви,насморк чиханье головная боль слабость рвота повышение температуры до 38с боль в глазах сухой кашель боль в горле
орхит,озноб повышение температуры до 3839с боль в паху боли в пояснице боль в яичке боль в промежности увеличение яичка покраснение мошонки
остановка сердца,потеря сознания обморок синюшность цианоз расширенные зрачки не реагирующие на свет отсутствие пульса отсутствие дыхания
остеомиелит,потеря сознания обморок отечность озноб повышение температуры выше 39с недомогание боль в суставах покраснение
остеопороз,повышение тонуса мышц ригидность скованность движений искривление дуги позвоночника сутулость боль в позвоночнике уменьшение роста
остеохондроз,головная боль боли в пояснице боли в спине боль в шее онемение мышечные спазмы скованность движений шум мушки точки перед глазами цветные пятна перед глазами стреляющая боль в спине
острая постгеморрагическая анемия,потеря сознания обморок учащение сердцебиения тахикардия одышка уменьшение объема мочи
отек квинке,удушье отек гортани отек лица синюшность языка
отек мозга,потеря сознания обморок головная боль рвота тошнота головокружение дезориентация замедленная речь ступор провалы в памяти
отит,повышение температуры до 38с стреляющая боль в ухе боль в ухе гнойные выделения из уха заложенность уха шум в ушах
отморожения,бледность кожи синюшность цианоз нарушение чувствительности покраснение
оторея,гнойные выделения из уха выделения из уха
отравление алкоголем,слабость рвота тошнота повышенное потоотделение
отслойка и разрывы сетчатки,снижение остроты зрения мушки точки перед глазами блики вспышки перед глазами затуманивание зрения пелена перед глазами плавающие пятна перед глазами
паническое расстройство эпизодическая пароксизмальная тревожность,бледность кожи бессонница повышение артериального давления головокружение повышенное потоотделение учащение сердцебиения тахикардия холодные и влажные ладони паника боли в левой половине грудной клетки беспокойство
панкреатит,потеря сознания обморок зуд рвота тошнота боль вверху живота вздутие живота метеоризм желтушность опоясывающая боль в верхней части живота повышение тонуса мышц ригидность боль в левом подреберье полифекалия увеличение объема каловых масс
паралич,паралич
пародонтит,повышение температуры до 3839с кровоточивость десен кровоточивость десен покраснение десен неприятный запах изо рта выделение гноя изпод десны подвижность зубов подвижность зубов боль у основания зубов выпадение зубов
пародонтоз,зуд десен бледность десен обнажение шейки зуба
пароксизмальная тахикардия,потеря сознания обморок слабость тошнота головокружение учащение сердцебиения тахикардия частое мочеиспускание одышка беспокойство
паховая грыжа,рвота боль внизу живота тошнота боль в паху запор вздутие живота икота метеоризм боль в мошонке выпячивание опухоль
педикулез вши,зуд голубые пятна на коже расчесы гниды в волосах
пеленочный дерматит,сыпь красного цвета покраснение покраснение ягодиц мокнущая сыпь
перелом челюсти,двоение в глазах боль в челюсти перемена прикуса смещение челюсти в сторону
перикардит,отек лица слабость боль в области сердца икота боли в грудной клетке сухой кашель набухание шейных вен
периодонтит,повышение температуры до 3839с покраснение десен зубная боль подвижность зубов зубная боль привоздействии раздражителей острая зубная боль ноющая зубная боль
периостит,бессонница слабость снижение аппетита зубная боль увеличение лимфоузлов отечность и разрушение надкостницы
перитонит,бледность кожи снижение артериального давления рвота тошнота метеоризм повышение температуры выше 39с учащение сердцебиения тахикардия страх сухость разлитая боль в животе беспокойство сухость губ
печеночная недостаточность,потеря сознания обморок слабость тошнота отеки снижение массы тела вздутие живота снижение аппетита желтушность желтушность склер носовые кровотечения покраснение ладоней кровяная сыпь на коже геморрагии отвращение к пищи извращение вкуса истощение печеночный запах изо рта
пиелонефрит,слабость озноб повышенное потоотделение боли в пояснице повышение температуры выше 39с ломота в теле
пиодермия,сыпь
плоскостопие,быстрое утомление при ходьбе боль в стопе судороги в стопе отеки в щиколотках
пневмония,головная боль слабость озноб повышение температуры выше 39с боли в грудной клетке недомогание ломота в теле сухой кашель першение в горле кашель с мокротой одышка боль в горле
пневмоторакс,бледность кожи синюшность цианоз боли в грудной клетке страх сухой кашель одышка
подагра,отек сустава белые узелки на суставах багровокрасный цвет сустава приступообразная боль в суставе
подвывих сустава,боль в суставах покраснение сустава деформация сустава отек сустава ограничение подвижности сустава
полиартрит,боль в суставах деформация сустава отек сустава покраснение
полиартроз,скованность движений боль в суставах деформация сустава
полиневропатия,нарушение чувствительности мышечная слабость онемение нарушение движения атрофия мышц одеревенение ног зуд в стопе жжение в стопе
полип анального канала,кал с кровью кровотечение боль в области заднего прохода
полип женских половых органов,нерегулярный менструальный цикл маточные кровотечения бесплодие выделения мажущие межменструальные кровотечения обильные менструальные кровотечения
полип прямой кишки,кал с кровью кровотечение
поллиноз сенная лихорадка,бессонница зуд в носу насморк чиханье заложенность носа зуд в глазах слезотечение покраснение глаз головная боль ослабление обоняния нюха слабость
портальная гипертензия,тошнота боль в подложечной области метеоризм желтушность желтушность склер боль в правом подреберье потеря аппетита анорексия посинение вен живота черный стул примесь крови рвота с кровью расширение вен брюшной стенки
порфирия,повышение артериального давления кровяная сыпь на коже геморрагии пузырчатая болезненная сыпь пигментация
постинфарктный синдром,слабость боль в области сердца повышение температуры до 38с боли в грудной клетке одышка отеки ног
посттравматический стресс,повышенная возбудимость рассеяность внимания мысли о суициде чувство вины кошмары беспокойство навязчивые воспоминания о пережитой травме
постфлебитический синдром,расширение вен отеки ног пигментация боли в нижних конечностях трофические язвы голени и стоп тяжесть в ногах утолщение кожи
потница,зуд сыпь раздражение
почечная недостаточность,слабость рвота жажда тошнота сухость во рту неприятный привкус снижение аппетита тремор дрожание полиурия увеличение суточного объема мочи непроизвольные сокращения мышц аммиачный запах изо рта
предлежание плаценты,выделения с кровью
пресбиопия,усталость глаз трудно разглядеть мелкие предметы уменьшение контрастности зрения нарушение чтения
преэклампсия,головная боль рвота повышение артериального давления повышение массы тела тошнота головокружение отеки боль вверху живота
прогрессирующая изолированная афазия,нарушение речи бедность речи разорванность речи и мыслей нарушение восприятия внешнего мира замедленная речь бессвязная речь неестественное растягивание звуков повторение отдельных звуков повторение отдельных слогов повторение отдельных фраз прерывистость речи непонятная речь
проказа лепра,повышенное потоотделение белые пятна на коже красные пятна о выпадение волос носовые кровотечения онемение покалывание в пальцах рук покалывание в пальцах ног охриплость увеличение лимфоузлов сыпь нарушение дыхания сардоническая улыбка спазм мимических мышц
проктит,повышение температуры до 38с запор кал с кровью боль в области заднего прохода кал со слизью боль в прямой кишке слизистогнойные выделения из перианальной области
пролапс митрального клапана,удушье потеря сознания обморок озноб боль в области сердца головокружение повышенная усталость повышение температуры до 38с учащение сердцебиения тахикардия одышка учащенное дыхание боли в левой половине грудной клетки чувство неполного вдоха
простатит,озноб боль во время полового акта боль в тазу боль в паху повышение температуры выше 39с преждевременное семяизвержение задержка семяизвержения частое мочеиспускание слабый ток мочи при мочеиспускании чувство неполного опорожнения мочевого пузыря боль в промежности боль после опорожнения кишечника
простатоцистит,частое мочеиспускание ночью частое мочеиспускание слабый ток мочи при мочеиспускании чувство неполного опорожнения мочевого пузыря боль во время мочеиспускания утрудненное мочеиспускание боли в мочевом пузыре жжение при мочеиспускании
прострел люмбаго,боли в пояснице скованность движений стреляющая боль в спине вынужденное согнутое положение тела
прямокишечный свищ,боль внизу живота боль в тазу боль во время дефекации зуд в области ануса рана в перианальной области боль в прямой кишке слизистогнойные выделения из перианальной области
психогенное переедание,депрессия чувство вины приступообразное переедание
псориаз,шелушение кожи трещины на коже красные пятна о деформация ногтей
птичий коготь онихогрифоз,выпуклость ногтей желтый цвет ногтя желтый цвет ногтя утолщение ногтя утолщение ногтя изгиб ногтя книзу изгиб ногтя книзу
пузырный занос,маточные кровотечения тошнота увеличение матки
пузырчатка новорожденного,повышение температуры до 38с снижение массы тела снижение аппетита пузырчатая болезненная сыпь покраснение
пульпит,зубная боль привоздействии раздражителей острая зубная боль непрерывная зубная боль ночная зубная боль
пупочная грыжа,тошнота боли в области пупка выпячивание в области пупка расширение пупочного кольца
пурпура,головная боль рвота снижение остроты зрения маточные кровотечения тошнота носовые кровотечения кровоточивость десен синяки
радикулит радикулопатия,боль в паху боли в пояснице нарушение чувствительности боли в спине боль в шее боли в грудной клетке боль в стопе боль при повороте туловища боль в затылке боль в голени боли в плече боль в лопатках
разноцветный и отрубевидный лишай,зуд повышенное потоотделение шелушение кожи сыпь красного цвета
рак гортани,сухость во рту боль при глотании першение в горле одышка
рак костей и суставных хрящей,отеки повышенная усталость повышение температуры до 38с снижение массы тела боль в суставах хромота
рак молочной железы,увеличение нагрубание молочной железы боль в молочной железе увеличение лимфоузлов в подмышечной впадине изменение формы молочной железы сморщивание кожи молочной железы шелушение кожи молочной железы выделения из соска припухлость или уплотнение соска втяжение соска опухание плеча
рак поджелудочной железы,снижение массы тела желтушность темный цвет мочи стреляющая боль в спине разлитая боль в животе
рак почки,приступообразный кашель головная боль слабость повышение артериального давления повышение температуры до 38с снижение аппетита желтушность нарушения координации кровь в моче частые переломы боли в почке
рак предстательной железы,непроизвольное мочеиспускание слабость боль в паху снижение аппетита частое мочеиспускание ночью слабый ток мочи при мочеиспускании боль во время мочеиспускания кровь в сперме стреляющая боль в спине кровь в моче
рак шейки матки,бледность кожи слабость маточные кровотечения боль во время полового акта боль в тазу повышенная усталость повышение температуры до 38с снижение массы тела межменструальные кровотечения обильные менструальные кровотечения
рак щитовидной железы,боль в области сердца снижение массы тела светобоязнь охриплость увеличение щитовидной железы
рак яичника,слабость боль внизу живота повышенное потоотделение боли в пояснице запор метеоризм частое мочеиспускание сонливость
рассеянный склероз,снижение остроты зрения депрессия головокружение повышенная усталость мышечная слабость частое мочеиспускание онемение недержание мочи тремор дрожание внезапные позывы к мочеиспусканию нечеткость зрения ухудшение искажение цветового восприятия снижение интеллекта эйфория нарушение тактильной чувствительности покалывание в пальцах рук покалывание в пальцах ног
расслаивание ногтя онихолизис,отслоение ногтя
ревматизм,снижение артериального давления слабость боль в области сердца повышенное потоотделение повышенная усталость повышение температуры до 38с розовые пятна на коже круглой или овальной формы снижение аппетита мышечная слабость нарушение поведения сухой кашель одышка боль в суставах усиленное сердцебиение
ревматическая болезнь сердца,удушье бессонница слабость боль в области сердца боли в грудной клетке сухой кашель одышка ощущение сердцебиения отеки ног учащенное дыхание
ревматическая хорея,мышечная слабость ослабление сухожильных рефлексов непроизвольные движения насильственные подергивания непроизвольное гримасничанье
ревматоидный артрит,повышенная усталость повышение температуры до 38с снижение массы тела сухость во рту снижение аппетита недомогание ломота в теле увеличение лимфоузлов боль в суставах покраснение сустава деформация сустава утренняя скованность в суставах холодный пот мышечная боль
реккурентное депрессивное расстройство,бессонница повышенная усталость снижение аппетита апатия рассеяность внимания мысли о суициде чувство вины саморазрушительное поведение подавленное настроение заниженная самооценка
ректоцеле,боль во время дефекации ложные позывы к дефекации утрудненная дефекация чувство неполного опорожнения кишечника
ретинированные зубы,покраснение десен зубная боль кариес
речь взахлеб,быстрый темп речи быстрая речь непонятная речь
рожа,головная боль слабость озноб тошнота головокружение красные пятна о повышение температуры выше 39с увеличение лимфоузлов боль в лимфоузлах
розацеа,зуд жжение зуд в глазах покраснение глаз угри сосудистые звездочки сыпь сухость лицо багровокрасного цвета сухость глаз покраснение утолщение кожи гнойник и разрастание кожи носа
розовый лишай жибера,зуд розовые пятна на коже круглой или овальной формы шелушение кожи
сальмонеллез,головная боль рвота озноб головокружение боль вверху живота диарея урчание в животе вздутие живота зловонный кал повышение температуры выше 39с ломота в теле стул зеленого цвета
сальпингит,слабость рвота озноб боль внизу живота тошнота выделения из влагалища бели боль во время полового акта повышение температуры до 38с диарея метеоризм выделения из уретры боль в прямой кишке
сальпингоофорит,рвота озноб повышение температуры до 3839с боль внизу живота тошнота повышенное потоотделение боли в пояснице диарея потеря аппетита анорексия недомогание нарушение мочеиспускания
саркоидоз,хрипы в груди бессонница слабость повышенная усталость повышение температуры до 38с снижение массы тела потеря аппетита анорексия боли в грудной клетке недомогание сухой кашель одышка боль в суставах ночное потение
сахарный диабет,зуд снижение остроты зрения повышенная усталость снижение массы тела раздражительность сухость во рту неутолимая жажда мышечная слабость частое мочеиспускание онемение пелена перед глазами плавающие пятна перед глазами повышение уровня глюкозы в крови гипергликемия сухость голод судороги икроножных мышц
сверхкомплектные зубы,количество зубов превышает норму
свинка эпидемический паротит,бессонница головная боль головная боль слабость озноб озноб повышение температуры до 3839с сухость во рту снижение аппетита повышение температуры выше 39с учащение сердцебиения тахикардия ломота в теле боль в суставах мышечная боль болезненность околоушных слюнных желез отечность околоушных слюнных желез боли в области ушей боли в области ушей воспаление подчелюстных желез воспаление подчелюстных желез воспаление подъязычной железы воспаление подъязычной железы
свищ заднего прохода,боль внизу живота боль в тазу зуд в заднем проходе боль во время дефекации зуд в области ануса рана в перианальной области боль в прямой кишке слизистогнойные выделения из перианальной области
себорейный дерматит,шелушение кожи красные пятна о сыпь жирная кожа сальный блеск скопление корочек в волосах
себорея,зуд шелушение кожи выпадение волос перхоть
сердечная недостаточность,хрипы в груди отеки учащение сердцебиения тахикардия сухой кашель одышка набухание шейных вен цианоз подбородка кончика носа и ушей пена изо рта и носа
серная пробка,снижение слуха эхо от самопроизносимых слов
синдром поликистозных яичников,прекращение менструаций не связанное с беременностью боль внизу живота задержка менструаций нерегулярный менструальный цикл депрессия вспыльчивость бесплодие боли в пояснице выпадение волос угри раздражительность апатия повышение уровня глюкозы в крови гипергликемия стрии растяжки центральное ожирение низ живота жирная кожа темные пигментные пятна мелкие складки на коже
синдром преждевременного возбуждения,потеря сознания обморок снижение артериального давления боль в области сердца головокружение одышка ощущение сердцебиения замирание сердца
синдром раздраженного кишечника,рвота тошнота боль вверху живота запор диарея отрыжка горечь во рту боли в области пупка кал со слизью
синдром рейно,бледность кожи жжение
синдром слабости синусового узла,бледность кожи потеря сознания обморок слабость нарушение памяти головокружение повышенная усталость раздражительность боль за грудиной забывчивость снижение интеллекта шум в ушах одышка замедленное сердцебиение брадикардия холодный пот провалы в памяти неритмичное сердцебиение замирание сердца
синдром сухого глаза,слезотечение жжение в глазу песок в глазах сухость глаз рези в глазах
синдром шерешевскоготернера,нарушение памяти депрессия бесплодие скудность мимики и жестикуляции крыловидные складки на шее отвисание нижней губы полуоткрытый рот короткая шея отсутствие менструации атрофия кожи
синовит,слабость повышение температуры до 38с покраснение сустава отек сустава ограничение подвижности сустава
синусит,насморк заложенность носа головная боль повышение температуры до 3839с недомогание боль в пазухах носа
системная красная волчанка,бессонница головная боль слабость повышение температуры до 3839с выпадение волос раздражительность сыпь ломкость ногтей
сифилис,насморк повышение температуры до 38с сухой кашель увеличение лимфоузлов язвы в области гениталий пятнистая сыпь на коже
скарлатина,головная боль рвота озноб шелушение кожи белый налет на языке повышение температуры выше 39с боль при глотании сыпь покраснение горла яркокрасный цвет языка
склерит,покраснение глаз светобоязнь боль в глазах отечность конъюнктивы
склеродермия,отечность боль в области сердца отеки сосудистые звездочки маскообразное лицо покалывание в пальцах рук покалывание в пальцах ног одышка боль в суставах деформация сустава утренняя скованность в суставах мышечная боль пигментация синюшность пальцев истончение кожи дряблость кожи
сколиоз,асимметричность искривление дуги позвоночника ассиметрия ребер сутулость
смещения прикуса,нарушение речи ассиметрия лица нарушение жевания шепелявость
солнечный ожог,покраснение болезненность участка кожи раздражение
сонливость гиперсомния,сонливость
спинальная мышечная атрофия,мышечная слабость искривление дуги позвоночника нарушение дыхания нарушение сосания нарушение глотания атрофия мышц неспособность сидеть без поддержки ослабление мышц ног неспособность ходить
спондилез,боли в спине боль в шее стреляющая боль в спине боль в позвоночнике
спондилолиз,боли в пояснице искривление дуги позвоночника
стеноз клапана легочной артерии,потеря сознания обморок синюшность цианоз слабость головокружение повышенная усталость боли в грудной клетке одышка
стеноз митрального клапана,одышка пепельный цвет кожи цианоз подбородка кончика носа и ушей выраженный румянец щек
стеноз трехстворчатого клапана,слабость распирание желудка отрыжка боль в правом подреберье тяжесть в правом подреберье одышка неритмичное сердцебиение замирание сердца
стенокардия,бледность кожи изжога боль за грудиной боль в шее боли в грудной клетке приступообразная боль в груди боль в левом плече
столбняк,повышение тонуса мышц ригидность повышение температуры выше 39с боль при глотании трудность при глотании сардоническая улыбка спазм мимических мышц тризм спазм мышц рта тонические судороги
стоматит,повышение температуры до 3839с слюнотечение снижение аппетита язвы а белые пятна на слизистой рта отечность ротовой полости увеличение подчелюстных лимфоузлов
стресс,бессонница повышенное потоотделение повышенная усталость раздражительность страх усиленное сердцебиение
сухой синдром шегрена,снижение остроты зрения сухость во рту песок в глазах зуд века гнойные выделения из слезного мешка
сухость кожи ксероз кожи,зуд шелушение кожи трещины на коже сухость покраснение
тендинит,боль в суставах ограничение подвижности сустава
термические и химические ожоги,зуд покраснение волдыри ь
тики,непроизвольные сокращения мышц
тиреоидит,головная боль слабость озноб повышенное потоотделение учащение сердцебиения тахикардия трудность при глотании боль в шее охриплость увеличение шейных лимфоузлов увеличение щитовидной железы сухость одутловатость лица
тиреотоксикоз,слабость запор диарея раздражительность снижение полового влечения либидо тремор дрожание опущение века
тонзиллит,озноб повышение температуры выше 39с боль при глотании неприятный запах изо рта увеличение подчелюстных лимфоузлов боль в горле увеличение околоушных лимфоузлов белый налет на миндалинах
травмы головы,потеря сознания обморок головная боль рвота мышечные спазмы паралич ослабление сухожильных рефлексов потеря памяти
транссексуализм,дисгармония между статью и самоидентификацией желание сменить пол стиль поведения противоречащий физиологическому полу
трахеит,приступообразный кашель повышение температуры до 38с боль за грудиной сухой кашель охриплость першение в горле кашель с мокротой боль в горле
тремор,тремор дрожание
трещина заднего прохода,зуд в заднем проходе кровотечение боль во время дефекации зуд в области ануса
трихинеллез,хрипы в груди зуд отек лица покраснение глаз отечность повышение температуры до 3839с боль внизу живота повышение тонуса мышц ригидность повышение температуры выше 39с сухой кашель отек века увеличение лимфоузлов мышечная боль сыпь
трихомониаз,зуд гениталий боль во время полового акта желтые выделения из влагалища частое мочеиспускание боль во время мочеиспускания моча с кровью кровь в сперме выделения из уретры жжение при мочеиспускании
тромбоз,синюшность цианоз боли в икрах расширение вен
тромбофлебит,повышение температуры до 38с боли в икрах расширение вен отеки ног
туберкулез,бледность кожи хрипы в груди слабость повышенное потоотделение повышенная усталость повышение температуры до 38с снижение массы тела снижение аппетита боли в грудной клетке апатия недомогание кашель с мокротой увеличение лимфоузлов кровохарканье
туляремия,бессонница слабость озноб повышенное потоотделение повышение температуры до 38с снижение аппетита мышечная боль сонливость
увеит,слезотечение покраснение глаз мушки точки перед глазами светобоязнь нечеткость зрения блики вспышки перед глазами боль в глазах искажение зрения радужные круги перед глазами снижение сумеречного зрения отечность конъюнктивы блефароспазм спазм век изменение цвета радужки повышение внутриглазного давления
угревая сыпь,угри камедоны черные точки
умственная отсталость,нарушение памяти апатия нарушение речи заторможенность отставание в развитии
уреаплазмоз,боль внизу живота зуд гениталий боль в паху частое мочеиспускание боль во время мочеиспускания боль во время семяизвержения выделения из уретры боли в бедре жжение при мочеиспускании нарушения эрекции прозрачные выделения из влагалища боль в области заднего прохода
уретрит,частое мочеиспускание боль во время мочеиспускания выделения из уретры жжение при мочеиспускании
фарингит,сухость во рту боль при глотании сухой кашель першение в горле увеличение шейных лимфоузлов
фенилкетонурия,судороги а слабость отставание в развитии
фибрилляция и трепетание желудочков,судороги а потеря сознания обморок синюшность цианоз отсутствие пульса отсутствие дыхания остановка сердца
фиброз печени,слабость повышенная усталость сосудистые звездочки увеличение печени синяки частые инфекции
фимоз,боль во время полового акта сужение кольца крайней плоти
флебит,синюшность цианоз слабость озноб боль внизу живота повышение температуры до 38с боль в паху отеки ног покраснение боли в нижних конечностях
флегмона,озноб отеки повышение температуры выше 39с покраснение болезненность участка кожи
флюороз,пятна на зубной эмали разрушение зубной эмали меловидные пятна на зубах
фобии,бессонница повышенное потоотделение сухость во рту чувство кома в горле страх кошмары холодные и влажные ладони паника
фолиеводефицитная анемия,бледность кожи слабость повышенная усталость белый цвет ногтей ощущение сердцебиения яркокрасный цвет языка
фолликулярная неходжкинская лимфома,бледность кожи слабость повышение температуры до 3839с повышенная усталость снижение массы тела потеря аппетита анорексия увеличение лимфоузлов петехии точечные кровоизлияния ночное потение
фотоконтактный дерматит,сыпь покраснение раздражение
фурункул,покраснение гнойник и
халязион,зуд в глазах отек века зуд века образование уплотнения на веке болезненность века
хейлит,заеды потрескавшиеся губы красная кайма губ сухость губ жжение губ кровоточивость губ
хламидиоз,выделения с кровью боль внизу живота зуд гениталий выделения из влагалища бели боль во время полового акта боль в паху желтые выделения из влагалища частое мочеиспускание боль во время мочеиспускания моча с кровью кровь в сперме боль во время семяизвержения выделения из уретры жжение при мочеиспускании нарушения эрекции межменструальные кровотечения
холангит,снижение артериального давления зуд озноб боль в подложечной области желтушность желтушность склер темный цвет мочи бесцветный кал боль в правом подреберье повышение температуры выше 39с проливной пот
холецистит,рвота озноб повышение температуры до 3839с тошнота запор сухость во рту отрыжка вздутие живота метеоризм желтушность желтушность склер темный цвет мочи бесцветный кал боль в правом подреберье боль в правой половине грудной клетки боль под правой лопаткой боль в правом плече неутолимая жажда горечь во рту учащение сердцебиения тахикардия боль в пояснице боль в боку справа
хорея,бесцельные движения непроизвольные движения
хроническая обструктивная легочная болезнь,боль в области сердца кашель с мокротой одышка синюшность пальцев выпуклость ногтей
хронические бредовые расстройства,бред сохраняющийся не менее 3 месяцев
целиакия,тошнота отеки повышенная усталость снижение массы тела диарея вздутие живота мышечная слабость отставание в росте слабое телосложение повышенная возбудимость
целлюлит,бугристость кожи
цервицит,выделения с кровью боль внизу живота нерегулярный менструальный цикл раздражение в области гениталий выделения из влагалища бели боль во время полового акта боль во время мочеиспускания
цирроз,зуд отеки повышенная усталость снижение массы тела снижение аппетита метеоризм желтушность желтушность склер темный цвет мочи бесцветный кал боль в правом подреберье снижение полового влечения либидо сосудистые звездочки тяжесть в правом подреберье потеря аппетита анорексия носовые кровотечения кровоточивость десен покраснение ладоней пальцы в виде барабанных палочек белый цвет ногтей посинение вен живота
цистит,боль внизу живота повышение температуры до 38с частое мочеиспускание боль во время мочеиспускания мутность мочи жжение при мочеиспускании
чесотка,зуд сыпь расчесы чесоточные ходы на коже гнойные корочки гнойнокровянистые корочки
шизоаффективные расстройства,бессонница депрессия страх рассеяность внимания гиперактивность подозрительность эмоциональная отрешенность мысли о суициде чувство вины возбужденное поведение быстрый темп речи патологическая отвлекаемость саморазрушительное поведение низкая потребность во сне
шизотипическое расстройство,социальная изоляция магическое мышление странная речь подозрительность параноидальные идеи эмоциональная отрешенность нарушение восприятия внешнего мира нарушение восприятия самого себя иллюзии
шизофрения,апатия галлюцинации бред навязчивые идеи безволие бедность эмоций бедность речи неспособность получать удовольствие социальная изоляция звучание или открытость мыслей окружающим разорванность речи и мыслей
шпора,боль во время ходьбы боль в пятке жжение в пятке
эзофагит,рвота тошнота слюнотечение отрыжка боль при глотании трудность при глотании боли во рту чувство кома в горле
экзоцервицит,выделения с кровью боль внизу живота нерегулярный менструальный цикл раздражение в области гениталий выделения из влагалища бели боль во время полового акта боль во время мочеиспускания
эклампсия,судороги а головная боль боль в подложечной области
эктропион шейки матки,нерегулярный менструальный цикл прозрачные выделения из влагалища
эмфизема,синюшность цианоз экспираторная одышка утруднен выдох снижение массы тела сухой кашель набухание шейных вен пыхтение бочкообразная грудная клетка
эмфизема легких,потеря аппетита анорексия сухой кашель кашель с мокротой одышка набухание шейных вен
эндемический зоб,удушье головная боль слабость отставание в росте трудность при глотании снижение интеллекта сухой кашель охриплость увеличение щитовидной железы одутловатость лица
эндокардит,озноб повышение температуры до 3839с повышенное потоотделение снижение массы тела повышение температуры выше 39с сухой кашель одышка боль в суставах петехии точечные кровоизлияния ночное потение кровотечение под ногтями
эндометриоз,боль внизу живота боль во время полового акта бесплодие боль в тазу выделения мажущие
эндометрит,слабость боль внизу живота повышенное потоотделение повышенная усталость повышение температуры до 38с боль в копчике боль в паху боли в пояснице желтые выделения из влагалища
эндомиометрит,головная боль слабость озноб повышение температуры до 3839с боль внизу живота снижение аппетита выделения слизистогнойного характера
эндоцервицит,выделения с кровью боль внизу живота нерегулярный менструальный цикл раздражение в области гениталий выделения из влагалища бели боль во время полового акта боль во время мочеиспускания
энтериоз,головная боль нарушение памяти тошнота головокружение сухость во рту вздутие живота снижение аппетита колики в животе зуд в заднем проходе
энтерит,рвота повышение температуры до 3839с тошнота боль вверху живота снижение массы тела диарея белый налет на языке урчание в животе вздутие живота метеоризм зловонный кал полифекалия увеличение объема каловых масс потеря аппетита анорексия боли в области пупка желтозеленые каловые массы непереносимость молока
энтеробиоз,зуд в носу боль внизу живота плаксивость тошнота повышенная усталость раздражительность снижение аппетита зуд в области ануса
энтеровирусные инфекции,слабость озноб повышение температуры до 3839с снижение аппетита апатия
энтероколит,бледность кожи рвота тошнота боль вверху живота снижение массы тела запор диарея отрыжка изжога урчание в животе вздутие живота снижение аппетита метеоризм боли в области пупка
энтропион заворот века,слезотечение покраснение глаз снижение остроты зрения светобоязнь боль в глазах жжение в глазу песок в глазах раздражение глаз помутнение роговицы
энурез,недержание мочи
энцефалит,судороги а головная боль тошнота повышение тонуса мышц ригидность повышение температуры выше 39с онемение светобоязнь сонливость паралич
энцефаломиелит,рвота снижение остроты зрения тошнота головокружение боли в пояснице повышение тонуса мышц ригидность онемение нарушения координации тремор дрожание мышечная боль паралич непонятная речь боли в конечностях задержка мочи
эпидидимит,боль в тазу повышение температуры до 38с боль в паху боль во время мочеиспускания кровь в сперме отек мошонки боль во время семяизвержения боль в мошонке выделения из уретры отеки в области паха
эпидимоорхит,озноб повышение температуры выше 39с боль в яичке увеличение яичка покраснение мошонки отек мошонки боль в мошонке увеличение мошонки
эпикондилит,боли в плече боль при рукопожатии боль в локте боль в предплечье боль в запястье
эпилепсия,судороги а дезориентация галлюцинации страх светобоязнь звукобоязнь фонофобия блики вспышки перед глазами
эписклерит,покраснение глаз отечность конъюнктивы узелковые образования в глазу
эритема,сыпь сыпь красного цвета
эрозия зубов,пятна на зубной эмали зубная боль
эрозия шейки матки,выделения с кровью нерегулярный менструальный цикл зуд гениталий выделения из влагалища бели боль во время полового акта
эхинококкоз,слабость снижение массы тела потеря аппетита анорексия
язва пищевода,рвота отрыжка изжога боль под правой лопаткой боль при глотании боль за грудиной рвота с кровью боли в левой половине грудной клетки нарушение глотания боль в пищеводе кислый привкус во рту
язвенная болезнь,бессонница рвота боль в области сердца тошнота боль вверху живота боль в подложечной области повышенное потоотделение повышенная усталость снижение массы тела запор раздражительность изжога боли в области пупка боль за грудиной темный цвет рвотных масс черный стул примесь крови
ячмень гордеолум,зуд в глазах отек века зуд века образование гнойной головки на веке
